{
  "codeSystems" : [
    {
      "url" : "http://smart.who.int/ips-pilgrimage/CodeSystem/BrowserCs",
      "version" : "2.0.3",
      "status" : "active",
      "name" : "BrowserCs",
      "title" : "Browser",
      "description" : "Browser"
    },
    {
      "url" : "http://smart.who.int/ips-pilgrimage/CodeSystem/DistributionModelCs",
      "version" : "2.0.3",
      "status" : "active",
      "name" : "DistributionModelCs",
      "title" : "Distribution Model",
      "description" : "Distribution Model"
    },
    {
      "url" : "http://smart.who.int/ips-pilgrimage/CodeSystem/IPS.HAJJ.ACTOR",
      "version" : "2.0.3",
      "status" : "active",
      "name" : "IPS_HAJJ_ACTOR",
      "title" : "IPS.HAJJ.ACTOR CodeSystem",
      "description" : "CodeSystem for IPS.HAJJ.ACTOR CodeSystem for utilization of IPS during Hajj"
    },
    {
      "url" : "http://smart.who.int/ips-pilgrimage/CodeSystem/IPS.HAJJ.CONSENT",
      "version" : "2.0.3",
      "status" : "active",
      "name" : "IPS_HAJJ_CONSENT",
      "title" : "IPS.HAJJ.CONSENT CodeSystem",
      "description" : "CodeSystem for IPS.HAJJ.CONSENT CodeSystem for utilization of IPS during Hajj"
    },
    {
      "url" : "http://smart.who.int/ips-pilgrimage/CodeSystem/IPS.HAJJ.TRANSACTION",
      "version" : "2.0.3",
      "status" : "active",
      "name" : "IPS_HAJJ_TRANSACTION",
      "title" : "IPS.HAJJ.TRANSACTION CodeSystem",
      "description" : "CodeSystem for IPS.HAJJ.TRANSACTION CodeSystem for utilization of IPS during Hajj"
    },
    {
      "url" : "http://smart.who.int/ips-pilgrimage/CodeSystem/LanguageCs",
      "version" : "2.0.3",
      "status" : "active",
      "name" : "LanguageCs",
      "title" : "Language",
      "description" : "Language"
    },
    {
      "url" : "http://smart.who.int/ips-pilgrimage/CodeSystem/LicensingModelCs",
      "version" : "2.0.3",
      "status" : "active",
      "name" : "LicensingModelCs",
      "title" : "Licensing Model",
      "description" : "Licensing Model"
    },
    {
      "url" : "http://smart.who.int/ips-pilgrimage/CodeSystem/OperatingSystemCs",
      "version" : "2.0.3",
      "status" : "active",
      "name" : "OperatingSystemCs",
      "title" : "Operating System",
      "description" : "Operating System"
    }
  ]
}
