{"resourceType":"CodeSystem","id":"LicensingModelCs","text":{"status":"generated","div":"<div xmlns=\"http://www.w3.org/1999/xhtml\"><p class=\"res-header-id\"><b>Generated Narrative: CodeSystem LicensingModelCs</b></p><a name=\"LicensingModelCs\"> </a><a name=\"hcLicensingModelCs\"> </a><a name=\"LicensingModelCs-en-US\"> </a><p>This  code system <code>http://worldhealthorganization.github.io/smart-ips-pilgrimage/LicensingModel</code> defines the following codes:</p><table class=\"codes\"><tr><td style=\"white-space:nowrap\"><b>Code</b></td></tr><tr><td style=\"white-space:nowrap\">Proprietary<a name=\"LicensingModelCs-Proprietary\"> </a></td></tr><tr><td style=\"white-space:nowrap\">Open-Source<a name=\"LicensingModelCs-Open-Source\"> </a></td></tr></table></div>"},"url":"http://worldhealthorganization.github.io/smart-ips-pilgrimage/LicensingModel","version":"1.0.1","name":"LicensingModelCs","title":"Licensing Model","status":"draft","date":"2024-11-21T11:25:11+00:00","publisher":"WHO","contact":[{"name":"WHO","telecom":[{"system":"url","value":"http://who.int"},{"system":"email","value":"smart@who.int"}]}],"description":"Licensing Model","content":"complete","count":2,"concept":[{"code":"Proprietary","display":"Proprietary"},{"code":"Open-Source","display":"Open-Source"}]}