{"resourceType":"Basic","id":"OCHIE","meta":{"profile":["http://smart.who.int/base/StructureDefinition/SGActor","http://smart.who.int/smart-base/StructureDefinition/SGPersona"]},"text":{"status":"generated","div":"<div xmlns=\"http://www.w3.org/1999/xhtml\"><p class=\"res-header-id\"><b>Generated Narrative: ActorDefinition OCHIE</b></p><a name=\"OCHIE\"> </a><a name=\"hcOCHIE\"> </a><a name=\"OCHIE-en-US\"> </a><table class=\"grid\"><tr><td><b>Actor: OCHIE </b></td><td>Origin Country HIE</td><td>Type: system </td></tr><tr><td colspan=\"3\"/></tr></table></div>"},"extension":[{"url":"http://smart.who.int/base/StructureDefinition/Sgcode","valueCoding":{"system":"http://smart.who.int/ips-pilgrimage/CodeSystem/IPS.HAJJ.ACTOR","code":"ochie"}},{"url":"http://hl7.org/fhir/5.0/StructureDefinition/extension-ActorDefinition.url","valueUri":"http://smart.who.int/ips-pilgrimage/ActorDefinition/OCHIE"},{"url":"http://hl7.org/fhir/5.0/StructureDefinition/extension-ActorDefinition.version","valueString":"1.0.1"},{"url":"http://hl7.org/fhir/5.0/StructureDefinition/extension-ActorDefinition.name","valueString":"OCHIE"},{"url":"http://hl7.org/fhir/5.0/StructureDefinition/extension-ActorDefinition.title","valueString":"Origin Country HIE"},{"url":"http://hl7.org/fhir/5.0/StructureDefinition/extension-ActorDefinition.status","valueCode":"draft"},{"url":"http://hl7.org/fhir/5.0/StructureDefinition/extension-ActorDefinition.experimental","valueBoolean":false},{"url":"http://hl7.org/fhir/5.0/StructureDefinition/extension-ActorDefinition.date","valueDateTime":"2024-08-13T15:56:51+00:00"},{"url":"http://hl7.org/fhir/5.0/StructureDefinition/extension-ActorDefinition.publisher","valueString":"WHO"},{"url":"http://hl7.org/fhir/5.0/StructureDefinition/extension-ActorDefinition.contact","valueContactDetail":{"name":"WHO","telecom":[{"system":"url","value":"http://who.int"},{"system":"email","value":"smart@who.int"}]}},{"url":"http://hl7.org/fhir/5.0/StructureDefinition/extension-ActorDefinition.description","valueMarkdown":"Origin Country Health Information Exchange (HIE) which is responsible for issuance of Verifiable IPS and Verifiable SMART Health Links"},{"url":"http://hl7.org/fhir/5.0/StructureDefinition/extension-ActorDefinition.jurisdiction"},{"url":"http://hl7.org/fhir/5.0/StructureDefinition/extension-ActorDefinition.type","valueCode":"system"}],"identifier":[{"value":"OCHIE"}],"code":{"coding":[{"system":"http://hl7.org/fhir/fhir-types","code":"ActorDefinition"}]}}