URL,Version,Status,OIDs,Name,Title,Descriptino,Uses,Used,Sources
http://smart.who.int/ips-pilgrimage/ValueSet/Browser,null,draft,,Browser,Browser,"Browser",,"Internal"
http://smart.who.int/ips-pilgrimage/ValueSet/Browser,1.0.1,draft,,Browser,Browser,"Browser",,"Internal"
http://smart.who.int/ips-pilgrimage/ValueSet/DistributionModel,null,draft,,DistributionModel,Distribution Model,"Distribution Model",,"Internal"
http://smart.who.int/ips-pilgrimage/ValueSet/DistributionModel,1.0.1,draft,,DistributionModel,Distribution Model,"Distribution Model",,"Internal"
http://smart.who.int/ips-pilgrimage/ValueSet/IPS.HAJJ.ACTOR,1.0.1,active,,IPS_HAJJ_ACTOR,IPS.HAJJ.ACTOR ValueSet of actor,"ValueSet of codes for actor for Hajj",,"Internal"
http://smart.who.int/ips-pilgrimage/ValueSet/IPS.HAJJ.ACTOR.SYSTEM,null,active,,IPS_HAJJ_ACTOR_SYSTEM,IPS.HAJJ.ACTOR.SYSTEM ValueSet of actor,"ValueSet of codes for system actors for Hajj",,"Internal"
http://smart.who.int/ips-pilgrimage/ValueSet/IPS.HAJJ.ACTOR.SYSTEM,1.0.1,active,,IPS_HAJJ_ACTOR_SYSTEM,IPS.HAJJ.ACTOR.SYSTEM ValueSet of actor,"ValueSet of codes for system actors for Hajj",,"Internal"
http://smart.who.int/ips-pilgrimage/ValueSet/IPS.HAJJ.CONSENT,1.0.1,active,,IPS_HAJJ_CONSENT,IPS.HAJJ.CONSENT ValueSet of consent policies,"ValueSet of codes for consent policies for Hajj pilgrims","StructureDefinition/HajjConsent","Internal"
http://smart.who.int/ips-pilgrimage/ValueSet/IPS.HAJJ.TRANSACTION,1.0.1,active,,IPS_HAJJ_TRANSACTION,IPS.HAJJ.TRANSACTION ValueSet of transaction ,"ValueSet of codes for transaction for Hajj ",,"Internal"
http://smart.who.int/ips-pilgrimage/ValueSet/Language,null,draft,,Language,Language,"Language",,"Internal"
http://smart.who.int/ips-pilgrimage/ValueSet/Language,1.0.1,draft,,Language,Language,"Language",,"Internal"
http://smart.who.int/ips-pilgrimage/ValueSet/LicensingModel,null,draft,,LicensingModel,Licensing Model,"Licensing Model",,"Internal"
http://smart.who.int/ips-pilgrimage/ValueSet/LicensingModel,1.0.1,draft,,LicensingModel,Licensing Model,"Licensing Model",,"Internal"
http://smart.who.int/ips-pilgrimage/ValueSet/OperatingSystem,null,draft,,OperatingSystem,Operating System,"Operating System",,"Internal"
http://smart.who.int/ips-pilgrimage/ValueSet/OperatingSystem,1.0.1,draft,,OperatingSystem,Operating System,"Operating System",,"Internal"
