<?xml version="1.0" encoding="UTF-8"?><ValueSet xmlns="http://hl7.org/fhir"><id value="DistributionModel"/><text><status value="generated"/><div xmlns="http://www.w3.org/1999/xhtml"><p class="res-header-id"><b>Generated Narrative: ValueSet DistributionModel</b></p><a name="DistributionModel"> </a><a name="hcDistributionModel"> </a><a name="DistributionModel-en-US"> </a><ul><li>Include all codes defined in <a href="CodeSystem-DistributionModelCs.html"><code>http://worldhealthorganization.github.io/smart-ips-pilgrimage/DistributionModel</code></a></li></ul></div></text><url value="http://smart.who.int/ips-pilgrimage/ValueSet/DistributionModel"/><version value="1.0.1"/><name value="DistributionModel"/><title value="Distribution Model"/><status value="draft"/><date value="2024-11-21T11:25:11+00:00"/><publisher value="WHO"/><contact><name value="WHO"/><telecom><system value="url"/><value value="http://who.int"/></telecom><telecom><system value="email"/><value value="smart@who.int"/></telecom></contact><description value="Distribution Model"/><compose><include><system value="http://worldhealthorganization.github.io/smart-ips-pilgrimage/DistributionModel"/></include></compose></ValueSet>