<?xml version="1.0" encoding="UTF-8"?><Basic xmlns="http://hl7.org/fhir"><id value="HCEMR"/><meta><profile value="http://smart.who.int/base/StructureDefinition/SGActor"/><profile value="http://smart.who.int/smart-base/StructureDefinition/SGPersona"/></meta><text><status value="generated"/><div xmlns="http://www.w3.org/1999/xhtml"><p class="res-header-id"><b>Generated Narrative: ActorDefinition HCEMR</b></p><a name="HCEMR"> </a><a name="hcHCEMR"> </a><a name="HCEMR-en-US"> </a><table class="grid"><tr><td><b>Actor: HCEMR </b></td><td>Host Country EMR</td><td>Type: system </td></tr><tr><td colspan="3"/></tr></table></div></text><extension url="http://smart.who.int/base/StructureDefinition/Sgcode"><valueCoding><system value="http://smart.who.int/ips-pilgrimage/CodeSystem/IPS.HAJJ.ACTOR"/><code value="hcemr"/></valueCoding></extension><extension url="http://hl7.org/fhir/5.0/StructureDefinition/extension-ActorDefinition.url"><valueUri value="http://smart.who.int/ips-pilgrimage/ActorDefinition/HCEMR"/></extension><extension url="http://hl7.org/fhir/5.0/StructureDefinition/extension-ActorDefinition.version"><valueString value="1.0.1"/></extension><extension url="http://hl7.org/fhir/5.0/StructureDefinition/extension-ActorDefinition.name"><valueString value="HCEMR"/></extension><extension url="http://hl7.org/fhir/5.0/StructureDefinition/extension-ActorDefinition.title"><valueString value="Host Country EMR"/></extension><extension url="http://hl7.org/fhir/5.0/StructureDefinition/extension-ActorDefinition.status"><valueCode value="draft"/></extension><extension url="http://hl7.org/fhir/5.0/StructureDefinition/extension-ActorDefinition.experimental"><valueBoolean value="false"/></extension><extension url="http://hl7.org/fhir/5.0/StructureDefinition/extension-ActorDefinition.date"><valueDateTime value="2024-08-13T15:56:51+00:00"/></extension><extension url="http://hl7.org/fhir/5.0/StructureDefinition/extension-ActorDefinition.publisher"><valueString value="WHO"/></extension><extension url="http://hl7.org/fhir/5.0/StructureDefinition/extension-ActorDefinition.contact"><valueContactDetail><name value="WHO"/><telecom><system value="url"/><value value="http://who.int"/></telecom><telecom><system value="email"/><value value="smart@who.int"/></telecom></valueContactDetail></extension><extension url="http://hl7.org/fhir/5.0/StructureDefinition/extension-ActorDefinition.description"><valueMarkdown value="Host Country EMR"/></extension><extension url="http://hl7.org/fhir/5.0/StructureDefinition/extension-ActorDefinition.jurisdiction"/><extension url="http://hl7.org/fhir/5.0/StructureDefinition/extension-ActorDefinition.type"><valueCode value="system"/></extension><identifier><value value="HCEMR"/></identifier><code><coding><system value="http://hl7.org/fhir/fhir-types"/><code value="ActorDefinition"/></coding></code></Basic>