<?xml version="1.0" encoding="UTF-8"?><GraphDefinition xmlns="http://hl7.org/fhir"><id value="keys-put"/><meta><profile value="http://smart.who.int/base/StructureDefinition/SGTransactionDefinition"/></meta><url value="http://smart.who.int/ips-pilgrimage/GraphDefinition/keys-put"/><version value="1.0.1"/><name value="keys-put"/><status value="active"/><experimental value="false"/><date value="2024-08-13T15:56:51+00:00"/><publisher value="WHO"/><contact><name value="WHO"/><telecom><system value="url"/><value value="http://who.int"/></telecom><telecom><system value="email"/><value value="smart@who.int"/></telecom></contact><description value="Publish Verification Keys"/></GraphDefinition>