<?xml version="1.0" encoding="UTF-8"?>

<CodeSystem xmlns="http://hl7.org/fhir">
  <id value="IPS.HAJJ.CONSENT"/>
  <text>
    <status value="generated"/><div xmlns="http://www.w3.org/1999/xhtml"><p class="res-header-id"><b>Generated Narrative: CodeSystem IPS.HAJJ.CONSENT</b></p><a name="IPS.HAJJ.CONSENT"> </a><a name="hcIPS.HAJJ.CONSENT"> </a><a name="IPS.HAJJ.CONSENT-en-US"> </a><p>This case-insensitive code system <code>http://smart.who.int/ips-pilgrimage/CodeSystem/IPS.HAJJ.CONSENT</code> defines the following codes:</p><table class="codes"><tr><td style="white-space:nowrap"><b>Code</b></td><td><b>Display</b></td><td><b>Definition</b></td></tr><tr><td style="white-space:nowrap">CONSENT-KSA<a name="IPS.HAJJ.CONSENT-CONSENT-KSA"> </a></td><td>Consent for Kingdom of Saudi Arabia</td><td>The Pilgrim consents to share his-her International Patient Summary (IPS data) during the  provision of clinical care at Ministry of Health-Saudi Arabia in Haj District area healthcare facilities through the Hajj-1446/2025 event as any follow up care that might be needed from any healthcare practitioners</td></tr><tr><td style="white-space:nowrap">CONSENT-IDN<a name="IPS.HAJJ.CONSENT-CONSENT-IDN"> </a></td><td>Consent for Indonesia</td><td>&lt;INSERT TEXT FROM INDONESIA: discuss pilgrims's consent to utilize Satusehat to enable access to KSA to their IPS if they are in need of care during Hajj&gt;</td></tr><tr><td style="white-space:nowrap">CONSENT-MYS<a name="IPS.HAJJ.CONSENT-CONSENT-MYS"> </a></td><td>Consent for Malaysia</td><td>The Malaysian Hajj pilgrim has provided consent for sharing the International Patient Summary (IPS) generated from the data recorded during the Hajj pilgrim health examination, as well as the vaccination records stored on MySejahtera to Kingdom of Saudi Arabia</td></tr><tr><td style="white-space:nowrap">CONSENT-OMN<a name="IPS.HAJJ.CONSENT-CONSENT-OMN"> </a></td><td>Consent for Oman</td><td>&lt;INSERT TEXT FROM OMAN: discuss pilgrims's consent to utilize Oman's e-Health Portal to enable access to KSA to their IPS if they are in need of care&gt;</td></tr></table></div>
  </text>
  <url value="http://smart.who.int/ips-pilgrimage/CodeSystem/IPS.HAJJ.CONSENT"/>
  <version value="2.1.0"/>
  <name value="IPS_HAJJ_CONSENT"/>
  <title value="IPS.HAJJ.CONSENT CodeSystem"/>
  <status value="active"/>
  <experimental value="true"/>
  <date value="2025-05-27T10:21:47+00:00"/>
  <publisher value="WHO"/>
  <contact>
    <name value="WHO"/>
    <telecom>
      <system value="url"/>
      <value value="http://who.int"/>
    </telecom>
    <telecom>
      <system value="email"/>
      <value value="smart@who.int"/>
    </telecom>
  </contact>
  <description value="CodeSystem for IPS.HAJJ.CONSENT CodeSystem for utilization of IPS during Hajj"/>
  <caseSensitive value="false"/>
  <content value="complete"/>
  <count value="4"/>
  <concept>
    <code value="CONSENT-KSA"/>
    <display value="Consent for Kingdom of Saudi Arabia"/>
    <definition value="The Pilgrim consents to share his-her International Patient Summary (IPS data) during the  provision of clinical care at Ministry of Health-Saudi Arabia in Haj District area healthcare facilities through the Hajj-1446/2025 event as any follow up care that might be needed from any healthcare practitioners"/>
  </concept>
  <concept>
    <code value="CONSENT-IDN"/>
    <display value="Consent for Indonesia"/>
    <definition value="&lt;INSERT TEXT FROM INDONESIA: discuss pilgrims's consent to utilize Satusehat to enable access to KSA to their IPS if they are in need of care during Hajj&gt;"/>
  </concept>
  <concept>
    <code value="CONSENT-MYS"/>
    <display value="Consent for Malaysia"/>
    <definition value="The Malaysian Hajj pilgrim has provided consent for sharing the International Patient Summary (IPS) generated from the data recorded during the Hajj pilgrim health examination, as well as the vaccination records stored on MySejahtera to Kingdom of Saudi Arabia"/>
  </concept>
  <concept>
    <code value="CONSENT-OMN"/>
    <display value="Consent for Oman"/>
    <definition value="&lt;INSERT TEXT FROM OMAN: discuss pilgrims's consent to utilize Oman's e-Health Portal to enable access to KSA to their IPS if they are in need of care&gt;"/>
  </concept>
</CodeSystem>