<?xml version="1.0" encoding="UTF-8"?><ImplementationGuide xmlns="http://hl7.org/fhir"><id value="smart.who.int.ips-pilgrimage"/><meta><profile value="http://smart.who.int/base/StructureDefinition/SGImplementationGuide"/></meta><text><status value="generated"/><div xmlns="http://www.w3.org/1999/xhtml"><p class="res-header-id"><b>Generated Narrative: ImplementationGuide smart.who.int.ips-pilgrimage</b></p><a name="smart.who.int.ips-pilgrimage"> </a><a name="hcsmart.who.int.ips-pilgrimage"> </a><a name="smart.who.int.ips-pilgrimage-en-US"> </a><h2>SMART_WHO_INT_IPS_Pilgrimage</h2><p>The official URL for this implementation guide is: </p><pre>http://smart.who.int/ips-pilgrimage/ImplementationGuide/smart.who.int.ips-pilgrimage</pre><div><p>An Implementation Guide which describes how to utilize GDHCN and IPS for verifiable health documents during pilgrimage.</p>
</div></div></text><url value="http://smart.who.int/ips-pilgrimage/ImplementationGuide/smart.who.int.ips-pilgrimage"/><version value="1.0.1"/><name value="SMART_WHO_INT_IPS_Pilgrimage"/><title value="SMART Verifiable IPS for Pilgrimage"/><status value="draft"/><experimental value="false"/><date value="2025-02-04T11:56:53+00:00"/><publisher value="WHO"/><contact><name value="WHO"/><telecom><system value="url"/><value value="http://who.int"/></telecom><telecom><system value="email"/><value value="smart@who.int"/></telecom></contact><description value="An Implementation Guide which describes how to utilize GDHCN and IPS for verifiable health documents during pilgrimage."/><packageId value="smart.who.int.ips-pilgrimage"/><license value="CC-BY-SA-3.0-IGO"/><fhirVersion value="4.0.1"/><dependsOn id="hl7tx"><extension url="http://hl7.org/fhir/tools/StructureDefinition/implementationguide-dependency-comment"><valueMarkdown value="Automatically added as a dependency - all IGs depend on HL7 Terminology"/></extension><uri value="http://terminology.hl7.org/ImplementationGuide/hl7.terminology"/><packageId value="hl7.terminology.r4"/><version value="6.2.0"/></dependsOn><dependsOn id="hl7ext"><extension url="http://hl7.org/fhir/tools/StructureDefinition/implementationguide-dependency-comment"><valueMarkdown value="Automatically added as a dependency - all IGs depend on the HL7 Extension Pack"/></extension><uri value="http://hl7.org/fhir/extensions/ImplementationGuide/hl7.fhir.uv.extensions"/><packageId value="hl7.fhir.uv.extensions.r4"/><version value="5.1.0"/></dependsOn><dependsOn id="smart_who_int_base"><uri value="http://smart.who.int/base/ImplementationGuide/smart.who.int.base"/><packageId value="smart.who.int.base"/><version value="0.1.0"/></dependsOn><dependsOn id="ihe_iti_mcsd"><uri value="https://profiles.ihe.net/ITI/mCSD/ImplementationGuide/ihe.iti.mcsd"/><packageId value="ihe.iti.mcsd"/><version value="current"/></dependsOn><dependsOn id="hl7_fhir_uv_ips"><uri value="http://hl7.org/fhir/uv/ips/ImplementationGuide/hl7.fhir.uv.ips"/><packageId value="hl7.fhir.uv.ips"/><version value="1.1.0"/></dependsOn><dependsOn id="hl7_fhir_uv_sdc"><uri value="http://hl7.org/fhir/uv/sdc/ImplementationGuide/hl7.fhir.uv.sdc"/><packageId value="hl7.fhir.uv.sdc"/><version value="3.0.0"/></dependsOn><dependsOn id="hl7_fhir_uv_cpg"><uri value="http://hl7.org/fhir/uv/cpg/ImplementationGuide/hl7.fhir.uv.cpg"/><packageId value="hl7.fhir.uv.cpg"/><version value="current"/></dependsOn><dependsOn id="ihe_iti_pcf"><uri value="https://profiles.ihe.net/ITI/PCF/ImplementationGuide/ihe.iti.pcf"/><packageId value="ihe.iti.pcf"/><version value="1.1.0"/></dependsOn><dependsOn id="ihe_iti_mhd"><uri value="https://profiles.ihe.net/ITI/MHD/ImplementationGuide/ihe.iti.mhd"/><packageId value="ihe.iti.mhd"/><version value="4.2.2"/></dependsOn><definition><extension url="http://hl7.org/fhir/tools/StructureDefinition/ig-parameter"><extension url="code"><valueString value="copyrightyear"/></extension><extension url="value"><valueString value="2023+"/></extension></extension><extension url="http://hl7.org/fhir/tools/StructureDefinition/ig-parameter"><extension url="code"><valueString value="releaselabel"/></extension><extension url="value"><valueString value="ci-build"/></extension></extension><extension url="http://hl7.org/fhir/tools/StructureDefinition/ig-parameter"><extension url="code"><valueString value="autoload-resources"/></extension><extension url="value"><valueString value="true"/></extension></extension><extension url="http://hl7.org/fhir/tools/StructureDefinition/ig-parameter"><extension url="code"><valueString value="path-liquid"/></extension><extension url="value"><valueString value="template/liquid"/></extension></extension><extension url="http://hl7.org/fhir/tools/StructureDefinition/ig-parameter"><extension url="code"><valueString value="path-liquid"/></extension><extension url="value"><valueString value="input/liquid"/></extension></extension><extension url="http://hl7.org/fhir/tools/StructureDefinition/ig-parameter"><extension url="code"><valueString value="path-qa"/></extension><extension url="value"><valueString value="temp/qa"/></extension></extension><extension url="http://hl7.org/fhir/tools/StructureDefinition/ig-parameter"><extension url="code"><valueString value="path-temp"/></extension><extension url="value"><valueString value="temp/pages"/></extension></extension><extension url="http://hl7.org/fhir/tools/StructureDefinition/ig-parameter"><extension url="code"><valueString value="path-output"/></extension><extension url="value"><valueString value="output"/></extension></extension><extension url="http://hl7.org/fhir/tools/StructureDefinition/ig-parameter"><extension url="code"><valueString value="path-suppressed-warnings"/></extension><extension url="value"><valueString value="input/ignoreWarnings.txt"/></extension></extension><extension url="http://hl7.org/fhir/tools/StructureDefinition/ig-parameter"><extension url="code"><valueString value="path-history"/></extension><extension url="value"><valueString value="http://smart.who.int/ips-pilgrimage/history.html"/></extension></extension><extension url="http://hl7.org/fhir/tools/StructureDefinition/ig-parameter"><extension url="code"><valueString value="template-html"/></extension><extension url="value"><valueString value="template-page.html"/></extension></extension><extension url="http://hl7.org/fhir/tools/StructureDefinition/ig-parameter"><extension url="code"><valueString value="template-md"/></extension><extension url="value"><valueString value="template-page-md.html"/></extension></extension><extension url="http://hl7.org/fhir/tools/StructureDefinition/ig-parameter"><extension url="code"><valueString value="apply-contact"/></extension><extension url="value"><valueString value="true"/></extension></extension><extension url="http://hl7.org/fhir/tools/StructureDefinition/ig-parameter"><extension url="code"><valueString value="apply-context"/></extension><extension url="value"><valueString value="true"/></extension></extension><extension url="http://hl7.org/fhir/tools/StructureDefinition/ig-parameter"><extension url="code"><valueString value="apply-copyright"/></extension><extension url="value"><valueString value="true"/></extension></extension><extension url="http://hl7.org/fhir/tools/StructureDefinition/ig-parameter"><extension url="code"><valueString value="apply-jurisdiction"/></extension><extension url="value"><valueString value="true"/></extension></extension><extension url="http://hl7.org/fhir/tools/StructureDefinition/ig-parameter"><extension url="code"><valueString value="apply-license"/></extension><extension url="value"><valueString value="true"/></extension></extension><extension url="http://hl7.org/fhir/tools/StructureDefinition/ig-parameter"><extension url="code"><valueString value="apply-publisher"/></extension><extension url="value"><valueString value="true"/></extension></extension><extension url="http://hl7.org/fhir/tools/StructureDefinition/ig-parameter"><extension url="code"><valueString value="apply-version"/></extension><extension url="value"><valueString value="true"/></extension></extension><extension url="http://hl7.org/fhir/tools/StructureDefinition/ig-parameter"><extension url="code"><valueString value="apply-wg"/></extension><extension url="value"><valueString value="true"/></extension></extension><extension url="http://hl7.org/fhir/tools/StructureDefinition/ig-parameter"><extension url="code"><valueString value="active-tables"/></extension><extension url="value"><valueString value="true"/></extension></extension><extension url="http://hl7.org/fhir/tools/StructureDefinition/ig-parameter"><extension url="code"><valueString value="fmm-definition"/></extension><extension url="value"><valueString value="http://hl7.org/fhir/versions.html#maturity"/></extension></extension><extension url="http://hl7.org/fhir/tools/StructureDefinition/ig-parameter"><extension url="code"><valueString value="propagate-status"/></extension><extension url="value"><valueString value="true"/></extension></extension><extension url="http://hl7.org/fhir/tools/StructureDefinition/ig-parameter"><extension url="code"><valueString value="excludelogbinaryformat"/></extension><extension url="value"><valueString value="true"/></extension></extension><extension url="http://hl7.org/fhir/tools/StructureDefinition/ig-parameter"><extension url="code"><valueString value="tabbed-snapshots"/></extension><extension url="value"><valueString value="true"/></extension></extension><extension url="http://hl7.org/fhir/tools/StructureDefinition/ig-internal-dependency"><valueCode value="hl7.fhir.uv.tools.r4#0.3.0"/></extension><extension url="http://hl7.org/fhir/tools/StructureDefinition/ig-parameter"><extension url="code"><valueCode value="copyrightyear"/></extension><extension url="value"><valueString value="2023+"/></extension></extension><extension url="http://hl7.org/fhir/tools/StructureDefinition/ig-parameter"><extension url="code"><valueCode value="releaselabel"/></extension><extension url="value"><valueString value="ci-build"/></extension></extension><extension url="http://hl7.org/fhir/tools/StructureDefinition/ig-parameter"><extension url="code"><valueCode value="autoload-resources"/></extension><extension url="value"><valueString value="true"/></extension></extension><extension url="http://hl7.org/fhir/tools/StructureDefinition/ig-parameter"><extension url="code"><valueCode value="path-liquid"/></extension><extension url="value"><valueString value="template/liquid"/></extension></extension><extension url="http://hl7.org/fhir/tools/StructureDefinition/ig-parameter"><extension url="code"><valueCode value="path-liquid"/></extension><extension url="value"><valueString value="input/liquid"/></extension></extension><extension url="http://hl7.org/fhir/tools/StructureDefinition/ig-parameter"><extension url="code"><valueCode value="path-qa"/></extension><extension url="value"><valueString value="temp/qa"/></extension></extension><extension url="http://hl7.org/fhir/tools/StructureDefinition/ig-parameter"><extension url="code"><valueCode value="path-temp"/></extension><extension url="value"><valueString value="temp/pages"/></extension></extension><extension url="http://hl7.org/fhir/tools/StructureDefinition/ig-parameter"><extension url="code"><valueCode value="path-output"/></extension><extension url="value"><valueString value="output"/></extension></extension><extension url="http://hl7.org/fhir/tools/StructureDefinition/ig-parameter"><extension url="code"><valueCode value="path-suppressed-warnings"/></extension><extension url="value"><valueString value="input/ignoreWarnings.txt"/></extension></extension><extension url="http://hl7.org/fhir/tools/StructureDefinition/ig-parameter"><extension url="code"><valueCode value="path-history"/></extension><extension url="value"><valueString value="http://smart.who.int/ips-pilgrimage/history.html"/></extension></extension><extension url="http://hl7.org/fhir/tools/StructureDefinition/ig-parameter"><extension url="code"><valueCode value="template-html"/></extension><extension url="value"><valueString value="template-page.html"/></extension></extension><extension url="http://hl7.org/fhir/tools/StructureDefinition/ig-parameter"><extension url="code"><valueCode value="template-md"/></extension><extension url="value"><valueString value="template-page-md.html"/></extension></extension><extension url="http://hl7.org/fhir/tools/StructureDefinition/ig-parameter"><extension url="code"><valueCode value="apply-contact"/></extension><extension url="value"><valueString value="true"/></extension></extension><extension url="http://hl7.org/fhir/tools/StructureDefinition/ig-parameter"><extension url="code"><valueCode value="apply-context"/></extension><extension url="value"><valueString value="true"/></extension></extension><extension url="http://hl7.org/fhir/tools/StructureDefinition/ig-parameter"><extension url="code"><valueCode value="apply-copyright"/></extension><extension url="value"><valueString value="true"/></extension></extension><extension url="http://hl7.org/fhir/tools/StructureDefinition/ig-parameter"><extension url="code"><valueCode value="apply-jurisdiction"/></extension><extension url="value"><valueString value="true"/></extension></extension><extension url="http://hl7.org/fhir/tools/StructureDefinition/ig-parameter"><extension url="code"><valueCode value="apply-license"/></extension><extension url="value"><valueString value="true"/></extension></extension><extension url="http://hl7.org/fhir/tools/StructureDefinition/ig-parameter"><extension url="code"><valueCode value="apply-publisher"/></extension><extension url="value"><valueString value="true"/></extension></extension><extension url="http://hl7.org/fhir/tools/StructureDefinition/ig-parameter"><extension url="code"><valueCode value="apply-version"/></extension><extension url="value"><valueString value="true"/></extension></extension><extension url="http://hl7.org/fhir/tools/StructureDefinition/ig-parameter"><extension url="code"><valueCode value="apply-wg"/></extension><extension url="value"><valueString value="true"/></extension></extension><extension url="http://hl7.org/fhir/tools/StructureDefinition/ig-parameter"><extension url="code"><valueCode value="active-tables"/></extension><extension url="value"><valueString value="true"/></extension></extension><extension url="http://hl7.org/fhir/tools/StructureDefinition/ig-parameter"><extension url="code"><valueCode value="fmm-definition"/></extension><extension url="value"><valueString value="http://hl7.org/fhir/versions.html#maturity"/></extension></extension><extension url="http://hl7.org/fhir/tools/StructureDefinition/ig-parameter"><extension url="code"><valueCode value="propagate-status"/></extension><extension url="value"><valueString value="true"/></extension></extension><extension url="http://hl7.org/fhir/tools/StructureDefinition/ig-parameter"><extension url="code"><valueCode value="excludelogbinaryformat"/></extension><extension url="value"><valueString value="true"/></extension></extension><extension url="http://hl7.org/fhir/tools/StructureDefinition/ig-parameter"><extension url="code"><valueCode value="tabbed-snapshots"/></extension><extension url="value"><valueString value="true"/></extension></extension><extension url="http://hl7.org/fhir/tools/StructureDefinition/ig-parameter"><extension url="code"><valueCode value="copyrightyear"/></extension><extension url="value"><valueString value="2023+"/></extension></extension><extension url="http://hl7.org/fhir/tools/StructureDefinition/ig-parameter"><extension url="code"><valueCode value="releaselabel"/></extension><extension url="value"><valueString value="ci-build"/></extension></extension><extension url="http://hl7.org/fhir/tools/StructureDefinition/ig-parameter"><extension url="code"><valueCode value="autoload-resources"/></extension><extension url="value"><valueString value="true"/></extension></extension><extension url="http://hl7.org/fhir/tools/StructureDefinition/ig-parameter"><extension url="code"><valueCode value="path-liquid"/></extension><extension url="value"><valueString value="template/liquid"/></extension></extension><extension url="http://hl7.org/fhir/tools/StructureDefinition/ig-parameter"><extension url="code"><valueCode value="path-liquid"/></extension><extension url="value"><valueString value="input/liquid"/></extension></extension><extension url="http://hl7.org/fhir/tools/StructureDefinition/ig-parameter"><extension url="code"><valueCode value="path-qa"/></extension><extension url="value"><valueString value="temp/qa"/></extension></extension><extension url="http://hl7.org/fhir/tools/StructureDefinition/ig-parameter"><extension url="code"><valueCode value="path-temp"/></extension><extension url="value"><valueString value="temp/pages"/></extension></extension><extension url="http://hl7.org/fhir/tools/StructureDefinition/ig-parameter"><extension url="code"><valueCode value="path-output"/></extension><extension url="value"><valueString value="output"/></extension></extension><extension url="http://hl7.org/fhir/tools/StructureDefinition/ig-parameter"><extension url="code"><valueCode value="path-suppressed-warnings"/></extension><extension url="value"><valueString value="input/ignoreWarnings.txt"/></extension></extension><extension url="http://hl7.org/fhir/tools/StructureDefinition/ig-parameter"><extension url="code"><valueCode value="path-history"/></extension><extension url="value"><valueString value="http://smart.who.int/ips-pilgrimage/history.html"/></extension></extension><extension url="http://hl7.org/fhir/tools/StructureDefinition/ig-parameter"><extension url="code"><valueCode value="template-html"/></extension><extension url="value"><valueString value="template-page.html"/></extension></extension><extension url="http://hl7.org/fhir/tools/StructureDefinition/ig-parameter"><extension url="code"><valueCode value="template-md"/></extension><extension url="value"><valueString value="template-page-md.html"/></extension></extension><extension url="http://hl7.org/fhir/tools/StructureDefinition/ig-parameter"><extension url="code"><valueCode value="apply-contact"/></extension><extension url="value"><valueString value="true"/></extension></extension><extension url="http://hl7.org/fhir/tools/StructureDefinition/ig-parameter"><extension url="code"><valueCode value="apply-context"/></extension><extension url="value"><valueString value="true"/></extension></extension><extension url="http://hl7.org/fhir/tools/StructureDefinition/ig-parameter"><extension url="code"><valueCode value="apply-copyright"/></extension><extension url="value"><valueString value="true"/></extension></extension><extension url="http://hl7.org/fhir/tools/StructureDefinition/ig-parameter"><extension url="code"><valueCode value="apply-jurisdiction"/></extension><extension url="value"><valueString value="true"/></extension></extension><extension url="http://hl7.org/fhir/tools/StructureDefinition/ig-parameter"><extension url="code"><valueCode value="apply-license"/></extension><extension url="value"><valueString value="true"/></extension></extension><extension url="http://hl7.org/fhir/tools/StructureDefinition/ig-parameter"><extension url="code"><valueCode value="apply-publisher"/></extension><extension url="value"><valueString value="true"/></extension></extension><extension url="http://hl7.org/fhir/tools/StructureDefinition/ig-parameter"><extension url="code"><valueCode value="apply-version"/></extension><extension url="value"><valueString value="true"/></extension></extension><extension url="http://hl7.org/fhir/tools/StructureDefinition/ig-parameter"><extension url="code"><valueCode value="apply-wg"/></extension><extension url="value"><valueString value="true"/></extension></extension><extension url="http://hl7.org/fhir/tools/StructureDefinition/ig-parameter"><extension url="code"><valueCode value="active-tables"/></extension><extension url="value"><valueString value="true"/></extension></extension><extension url="http://hl7.org/fhir/tools/StructureDefinition/ig-parameter"><extension url="code"><valueCode value="fmm-definition"/></extension><extension url="value"><valueString value="http://hl7.org/fhir/versions.html#maturity"/></extension></extension><extension url="http://hl7.org/fhir/tools/StructureDefinition/ig-parameter"><extension url="code"><valueCode value="propagate-status"/></extension><extension url="value"><valueString value="true"/></extension></extension><extension url="http://hl7.org/fhir/tools/StructureDefinition/ig-parameter"><extension url="code"><valueCode value="excludelogbinaryformat"/></extension><extension url="value"><valueString value="true"/></extension></extension><extension url="http://hl7.org/fhir/tools/StructureDefinition/ig-parameter"><extension url="code"><valueCode value="tabbed-snapshots"/></extension><extension url="value"><valueString value="true"/></extension></extension><grouping id="-dyn-capabilitystatement"><name value="Behavior: Capability Statements"/><description value="The following artifacts define the specific capabilities that different types of systems are expected to have in order to comply with this implementation guide.  Systems conforming to this implementation guide are expected to declare conformance to one or more of the following capability statements."/></grouping><grouping id="-str-questionnaire"><name value="Structures: Questionnaires"/><description value="These define forms used by systems conforming to this implementation guide to capture or expose data to end users."/></grouping><grouping id="-str-profile"><name value="Structures: Resource Profiles"/><description value="These define constraints on FHIR resources for systems conforming to this implementation guide."/></grouping><grouping id="-str-extension"><name value="Structures: Extension Definitions"/><description value="These define constraints on FHIR data types for systems conforming to this implementation guide."/></grouping><grouping id="-term-valueset"><name value="Terminology: Value Sets"/><description value="These define sets of codes used by systems conforming to this implementation guide."/></grouping><grouping id="-term-codesystem"><name value="Terminology: Code Systems"/><description value="These define new code systems used by systems conforming to this implementation guide."/></grouping><grouping id="-ex-example"><name value="Example: Example Instances"/><description value="These are example instances that show what data produced and consumed by systems conforming with this implementation guide might look like."/></grouping><resource><extension url="http://hl7.org/fhir/tools/StructureDefinition/resource-sort"><valueInteger value="999999999"/></extension><extension url="http://hl7.org/fhir/StructureDefinition/implementationguide-page"><valueUri value="CapabilityStatement-VHLDocumentResponder.html"/></extension><reference><reference value="CapabilityStatement/VHLDocumentResponder"/></reference><name value="VHL Document Responder (server)"/><description value="VHL Document Responder (server) - Search DocumentReferences in a List."/><exampleBoolean value="false"/><groupingId value="-dyn-capabilitystatement"/></resource><resource><extension url="http://hl7.org/fhir/tools/StructureDefinition/resource-sort"><valueInteger value="999999999"/></extension><extension url="http://hl7.org/fhir/StructureDefinition/implementationguide-page"><valueUri value="Questionnaire-Questionnaire-ConnectathonSubmission.html"/></extension><extension url="http://hl7.org/fhir/tools/StructureDefinition/contained-resource-information"><extension url="type"><valueCode value="ValueSet"/></extension><extension url="id"><valueId value="OperatingSystem"/></extension><extension url="title"><valueString value="ValueSet"/></extension><extension url="description"><valueString value="Operating System"/></extension></extension><extension url="http://hl7.org/fhir/tools/StructureDefinition/contained-resource-information"><extension url="type"><valueCode value="ValueSet"/></extension><extension url="id"><valueId value="Browser"/></extension><extension url="title"><valueString value="ValueSet"/></extension><extension url="description"><valueString value="Browser"/></extension></extension><extension url="http://hl7.org/fhir/tools/StructureDefinition/contained-resource-information"><extension url="type"><valueCode value="ValueSet"/></extension><extension url="id"><valueId value="DistributionModel"/></extension><extension url="title"><valueString value="ValueSet"/></extension><extension url="description"><valueString value="Distribution Model"/></extension></extension><extension url="http://hl7.org/fhir/tools/StructureDefinition/contained-resource-information"><extension url="type"><valueCode value="ValueSet"/></extension><extension url="id"><valueId value="LicensingModel"/></extension><extension url="title"><valueString value="ValueSet"/></extension><extension url="description"><valueString value="Licensing Model"/></extension></extension><extension url="http://hl7.org/fhir/tools/StructureDefinition/contained-resource-information"><extension url="type"><valueCode value="ValueSet"/></extension><extension url="id"><valueId value="Language"/></extension><extension url="title"><valueString value="ValueSet"/></extension><extension url="description"><valueString value="Language"/></extension></extension><extension url="http://hl7.org/fhir/tools/StructureDefinition/contained-resource-information"><extension url="type"><valueCode value="ValueSet"/></extension><extension url="id"><valueId value="IPS.HAJJ.ACTOR.SYSTEM"/></extension><extension url="title"><valueString value="ValueSet"/></extension><extension url="description"><valueString value="ValueSet of codes for system actors for Hajj"/></extension></extension><reference><reference value="Questionnaire/Questionnaire-ConnectathonSubmission"/></reference><name value="Connectathon Submission"/><description value="Connectathon Submission"/><exampleBoolean value="false"/><groupingId value="-str-questionnaire"/></resource><resource><extension url="http://hl7.org/fhir/tools/StructureDefinition/resource-sort"><valueInteger value="999999999"/></extension><extension url="http://hl7.org/fhir/StructureDefinition/implementationguide-page"><valueUri value="StructureDefinition-HajjIPS.html"/></extension><reference><reference value="StructureDefinition/HajjIPS"/></reference><name value="Bundle - IPS for Hajj"/><description value="This profile represents the constraints applied to the Bundle resource by the International Patient Summary (IPS) FHIR Implementation Guide for the Hajj Pilgrimage."/><exampleBoolean value="false"/><groupingId value="-str-profile"/></resource><resource><extension url="http://hl7.org/fhir/tools/StructureDefinition/resource-sort"><valueInteger value="999999999"/></extension><extension url="http://hl7.org/fhir/StructureDefinition/implementationguide-page"><valueUri value="StructureDefinition-HajjIPS-Composition.html"/></extension><reference><reference value="StructureDefinition/HajjIPS-Composition"/></reference><name value="Composition (IPS) for Hajj"/><description value="Clinical document used to represent the International Patient Summary (IPS) data set for Hajj Pilgrimage"/><exampleBoolean value="false"/><groupingId value="-str-profile"/></resource><resource><extension url="http://hl7.org/fhir/tools/StructureDefinition/resource-sort"><valueInteger value="999999999"/></extension><extension url="http://hl7.org/fhir/StructureDefinition/implementationguide-page"><valueUri value="StructureDefinition-HajjConsent.html"/></extension><reference><reference value="StructureDefinition/HajjConsent"/></reference><name value="HajjConsent"/><description value="A profile of the consent resource to track consent of a pilgrim to participate&#xA;&#xA;FHIR R5 upgrade notes (need this implemented as a structure map):&#xA; * make cardinality of decision 1.. and should stop using it in lieu of verification.verified&#xA; * use verification.verifiedBy instead of Consent.organization&#xA; * the period extenion should be replaced by Consent.period&#xA; * the Consent.patient should be replaced by Consent.subject&#xA; * Consent.verification.verifiedBy should be used instead of Consent.organization"/><exampleBoolean value="false"/><groupingId value="-str-profile"/></resource><resource><extension url="http://hl7.org/fhir/tools/StructureDefinition/resource-sort"><valueInteger value="999999999"/></extension><extension url="http://hl7.org/fhir/StructureDefinition/implementationguide-page"><valueUri value="StructureDefinition-HajjOrganization.html"/></extension><reference><reference value="StructureDefinition/HajjOrganization"/></reference><name value="HajjOrganization"/><description value="A profile of the consent resource to track consent of a pilgrim to participate"/><exampleBoolean value="false"/><groupingId value="-str-profile"/></resource><resource><extension url="http://hl7.org/fhir/tools/StructureDefinition/resource-sort"><valueInteger value="999999999"/></extension><extension url="http://hl7.org/fhir/StructureDefinition/implementationguide-page"><valueUri value="StructureDefinition-ConsentPeriod.html"/></extension><reference><reference value="StructureDefinition/ConsentPeriod"/></reference><name value="ConsentPeriod"/><description value="Consent Period extension for use in Consent resources prior to R5."/><exampleBoolean value="false"/><groupingId value="-str-extension"/></resource><resource><extension url="http://hl7.org/fhir/tools/StructureDefinition/resource-sort"><valueInteger value="999999999"/></extension><extension url="http://hl7.org/fhir/StructureDefinition/implementationguide-page"><valueUri value="StructureDefinition-ConsentVerifiedBy.html"/></extension><reference><reference value="StructureDefinition/ConsentVerifiedBy"/></reference><name value="ConsentVerifiedBy"/><description value="Consent VerfifiedBy extension for use in Consent resources prior to R5."/><exampleBoolean value="false"/><groupingId value="-str-extension"/></resource><resource><extension url="http://hl7.org/fhir/tools/StructureDefinition/resource-sort"><valueInteger value="999999999"/></extension><extension url="http://hl7.org/fhir/StructureDefinition/implementationguide-page"><valueUri value="ValueSet-Browser.html"/></extension><reference><reference value="ValueSet/Browser"/></reference><name value="Browser"/><description value="Browser"/><exampleBoolean value="false"/><groupingId value="-term-valueset"/></resource><resource><extension url="http://hl7.org/fhir/tools/StructureDefinition/resource-sort"><valueInteger value="999999999"/></extension><extension url="http://hl7.org/fhir/StructureDefinition/implementationguide-page"><valueUri value="ValueSet-DistributionModel.html"/></extension><reference><reference value="ValueSet/DistributionModel"/></reference><name value="Distribution Model"/><description value="Distribution Model"/><exampleBoolean value="false"/><groupingId value="-term-valueset"/></resource><resource><extension url="http://hl7.org/fhir/tools/StructureDefinition/resource-sort"><valueInteger value="999999999"/></extension><extension url="http://hl7.org/fhir/StructureDefinition/implementationguide-page"><valueUri value="ValueSet-IPS.HAJJ.ACTOR.html"/></extension><reference><reference value="ValueSet/IPS.HAJJ.ACTOR"/></reference><name value="IPS.HAJJ.ACTOR ValueSet of actor"/><description value="ValueSet of codes for actor for Hajj"/><exampleBoolean value="false"/><groupingId value="-term-valueset"/></resource><resource><extension url="http://hl7.org/fhir/tools/StructureDefinition/resource-sort"><valueInteger value="999999999"/></extension><extension url="http://hl7.org/fhir/StructureDefinition/implementationguide-page"><valueUri value="ValueSet-IPS.HAJJ.ACTOR.SYSTEM.html"/></extension><reference><reference value="ValueSet/IPS.HAJJ.ACTOR.SYSTEM"/></reference><name value="IPS.HAJJ.ACTOR.SYSTEM ValueSet of actor"/><description value="ValueSet of codes for system actors for Hajj"/><exampleBoolean value="false"/><groupingId value="-term-valueset"/></resource><resource><extension url="http://hl7.org/fhir/tools/StructureDefinition/resource-sort"><valueInteger value="999999999"/></extension><extension url="http://hl7.org/fhir/StructureDefinition/implementationguide-page"><valueUri value="ValueSet-IPS.HAJJ.CONSENT.html"/></extension><reference><reference value="ValueSet/IPS.HAJJ.CONSENT"/></reference><name value="IPS.HAJJ.CONSENT ValueSet of consent policies"/><description value="ValueSet of codes for consent policies for Hajj pilgrims"/><exampleBoolean value="false"/><groupingId value="-term-valueset"/></resource><resource><extension url="http://hl7.org/fhir/tools/StructureDefinition/resource-sort"><valueInteger value="999999999"/></extension><extension url="http://hl7.org/fhir/StructureDefinition/implementationguide-page"><valueUri value="ValueSet-IPS.HAJJ.TRANSACTION.html"/></extension><reference><reference value="ValueSet/IPS.HAJJ.TRANSACTION"/></reference><name value="IPS.HAJJ.TRANSACTION ValueSet of transaction"/><description value="ValueSet of codes for transaction for Hajj"/><exampleBoolean value="false"/><groupingId value="-term-valueset"/></resource><resource><extension url="http://hl7.org/fhir/tools/StructureDefinition/resource-sort"><valueInteger value="999999999"/></extension><extension url="http://hl7.org/fhir/StructureDefinition/implementationguide-page"><valueUri value="ValueSet-Language.html"/></extension><reference><reference value="ValueSet/Language"/></reference><name value="Language"/><description value="Language"/><exampleBoolean value="false"/><groupingId value="-term-valueset"/></resource><resource><extension url="http://hl7.org/fhir/tools/StructureDefinition/resource-sort"><valueInteger value="999999999"/></extension><extension url="http://hl7.org/fhir/StructureDefinition/implementationguide-page"><valueUri value="ValueSet-LicensingModel.html"/></extension><reference><reference value="ValueSet/LicensingModel"/></reference><name value="Licensing Model"/><description value="Licensing Model"/><exampleBoolean value="false"/><groupingId value="-term-valueset"/></resource><resource><extension url="http://hl7.org/fhir/tools/StructureDefinition/resource-sort"><valueInteger value="999999999"/></extension><extension url="http://hl7.org/fhir/StructureDefinition/implementationguide-page"><valueUri value="ValueSet-OperatingSystem.html"/></extension><reference><reference value="ValueSet/OperatingSystem"/></reference><name value="Operating System"/><description value="Operating System"/><exampleBoolean value="false"/><groupingId value="-term-valueset"/></resource><resource><extension url="http://hl7.org/fhir/tools/StructureDefinition/resource-sort"><valueInteger value="999999999"/></extension><extension url="http://hl7.org/fhir/StructureDefinition/implementationguide-page"><valueUri value="CodeSystem-BrowserCs.html"/></extension><reference><reference value="CodeSystem/BrowserCs"/></reference><name value="Browser"/><description value="Browser"/><exampleBoolean value="false"/><groupingId value="-term-codesystem"/></resource><resource><extension url="http://hl7.org/fhir/tools/StructureDefinition/resource-sort"><valueInteger value="999999999"/></extension><extension url="http://hl7.org/fhir/StructureDefinition/implementationguide-page"><valueUri value="CodeSystem-DistributionModelCs.html"/></extension><reference><reference value="CodeSystem/DistributionModelCs"/></reference><name value="Distribution Model"/><description value="Distribution Model"/><exampleBoolean value="false"/><groupingId value="-term-codesystem"/></resource><resource><extension url="http://hl7.org/fhir/tools/StructureDefinition/resource-sort"><valueInteger value="999999999"/></extension><extension url="http://hl7.org/fhir/StructureDefinition/implementationguide-page"><valueUri value="CodeSystem-IPS.HAJJ.ACTOR.html"/></extension><reference><reference value="CodeSystem/IPS.HAJJ.ACTOR"/></reference><name value="IPS.HAJJ.ACTOR CodeSystem"/><description value="CodeSystem for IPS.HAJJ.ACTOR CodeSystem for utilization of IPS during Hajj"/><exampleBoolean value="false"/><groupingId value="-term-codesystem"/></resource><resource><extension url="http://hl7.org/fhir/tools/StructureDefinition/resource-sort"><valueInteger value="999999999"/></extension><extension url="http://hl7.org/fhir/StructureDefinition/implementationguide-page"><valueUri value="CodeSystem-IPS.HAJJ.CONSENT.html"/></extension><reference><reference value="CodeSystem/IPS.HAJJ.CONSENT"/></reference><name value="IPS.HAJJ.CONSENT CodeSystem"/><description value="CodeSystem for IPS.HAJJ.CONSENT CodeSystem for utilization of IPS during Hajj"/><exampleBoolean value="false"/><groupingId value="-term-codesystem"/></resource><resource><extension url="http://hl7.org/fhir/tools/StructureDefinition/resource-sort"><valueInteger value="999999999"/></extension><extension url="http://hl7.org/fhir/StructureDefinition/implementationguide-page"><valueUri value="CodeSystem-IPS.HAJJ.TRANSACTION.html"/></extension><reference><reference value="CodeSystem/IPS.HAJJ.TRANSACTION"/></reference><name value="IPS.HAJJ.TRANSACTION CodeSystem"/><description value="CodeSystem for IPS.HAJJ.TRANSACTION CodeSystem for utilization of IPS during Hajj"/><exampleBoolean value="false"/><groupingId value="-term-codesystem"/></resource><resource><extension url="http://hl7.org/fhir/tools/StructureDefinition/resource-sort"><valueInteger value="999999999"/></extension><extension url="http://hl7.org/fhir/StructureDefinition/implementationguide-page"><valueUri value="CodeSystem-LanguageCs.html"/></extension><reference><reference value="CodeSystem/LanguageCs"/></reference><name value="Language"/><description value="Language"/><exampleBoolean value="false"/><groupingId value="-term-codesystem"/></resource><resource><extension url="http://hl7.org/fhir/tools/StructureDefinition/resource-sort"><valueInteger value="999999999"/></extension><extension url="http://hl7.org/fhir/StructureDefinition/implementationguide-page"><valueUri value="CodeSystem-LicensingModelCs.html"/></extension><reference><reference value="CodeSystem/LicensingModelCs"/></reference><name value="Licensing Model"/><description value="Licensing Model"/><exampleBoolean value="false"/><groupingId value="-term-codesystem"/></resource><resource><extension url="http://hl7.org/fhir/tools/StructureDefinition/resource-sort"><valueInteger value="999999999"/></extension><extension url="http://hl7.org/fhir/StructureDefinition/implementationguide-page"><valueUri value="CodeSystem-OperatingSystemCs.html"/></extension><reference><reference value="CodeSystem/OperatingSystemCs"/></reference><name value="Operating System"/><description value="Operating System"/><exampleBoolean value="false"/><groupingId value="-term-codesystem"/></resource><resource><extension url="http://hl7.org/fhir/tools/StructureDefinition/resource-sort"><valueInteger value="999999999"/></extension><extension url="http://hl7.org/fhir/StructureDefinition/implementationguide-page"><valueUri value="Practitioner-1c616b24-3895-48c4-9a02-9a64110351ee.html"/></extension><reference><reference value="Practitioner/1c616b24-3895-48c4-9a02-9a64110351ee"/></reference><name value="1c616b24-3895-48c4-9a02-9a64110351ee"/><description value="Example Practitioner"/><exampleBoolean value="true"/><groupingId value="-ex-example"/></resource><resource><extension url="http://hl7.org/fhir/tools/StructureDefinition/resource-sort"><valueInteger value="999999999"/></extension><extension url="http://hl7.org/fhir/StructureDefinition/implementationguide-page"><valueUri value="Observation-2639657a-c19a-48e2-82cc-471e13b8ad93.html"/></extension><reference><reference value="Observation/2639657a-c19a-48e2-82cc-471e13b8ad93"/></reference><name value="2639657a-c19a-48e2-82cc-471e13b8ad93"/><description value="Example Observation"/><exampleBoolean value="true"/><groupingId value="-ex-example"/></resource><resource><extension url="http://hl7.org/fhir/tools/StructureDefinition/resource-sort"><valueInteger value="999999999"/></extension><extension url="http://hl7.org/fhir/StructureDefinition/implementationguide-page"><valueUri value="Observation-26bee0a9-5997-4557-ab9d-c6adbb05b571.html"/></extension><reference><reference value="Observation/26bee0a9-5997-4557-ab9d-c6adbb05b571"/></reference><name value="26bee0a9-5997-4557-ab9d-c6adbb05b571"/><description value="Example Observation"/><exampleBoolean value="true"/><groupingId value="-ex-example"/></resource><resource><extension url="http://hl7.org/fhir/tools/StructureDefinition/resource-sort"><valueInteger value="999999999"/></extension><extension url="http://hl7.org/fhir/StructureDefinition/implementationguide-page"><valueUri value="Organization-45a5c5b1-4ec1-4d60-b4b2-ff5a84a41fd6.html"/></extension><reference><reference value="Organization/45a5c5b1-4ec1-4d60-b4b2-ff5a84a41fd6"/></reference><name value="45a5c5b1-4ec1-4d60-b4b2-ff5a84a41fd6"/><description value="Example Organization"/><exampleBoolean value="true"/><groupingId value="-ex-example"/></resource><resource><extension url="http://hl7.org/fhir/tools/StructureDefinition/resource-sort"><valueInteger value="999999999"/></extension><extension url="http://hl7.org/fhir/StructureDefinition/implementationguide-page"><valueUri value="MedicationStatement-47524493-846a-4a26-bae2-4ab03e60f02d.html"/></extension><reference><reference value="MedicationStatement/47524493-846a-4a26-bae2-4ab03e60f02d"/></reference><name value="47524493-846a-4a26-bae2-4ab03e60f02d"/><description value="Example MedicationStatement"/><exampleBoolean value="true"/><groupingId value="-ex-example"/></resource><resource><extension url="http://hl7.org/fhir/tools/StructureDefinition/resource-sort"><valueInteger value="999999999"/></extension><extension url="http://hl7.org/fhir/StructureDefinition/implementationguide-page"><valueUri value="Observation-6e39ccf3-f997-4a2b-8f28-b4b71c778c79.html"/></extension><reference><reference value="Observation/6e39ccf3-f997-4a2b-8f28-b4b71c778c79"/></reference><name value="6e39ccf3-f997-4a2b-8f28-b4b71c778c79"/><description value="Example Observation"/><exampleBoolean value="true"/><groupingId value="-ex-example"/></resource><resource><extension url="http://hl7.org/fhir/tools/StructureDefinition/resource-sort"><valueInteger value="999999999"/></extension><extension url="http://hl7.org/fhir/StructureDefinition/implementationguide-page"><valueUri value="AllergyIntolerance-72884cad-ebe6-4f43-a51a-2f978275f131.html"/></extension><reference><reference value="AllergyIntolerance/72884cad-ebe6-4f43-a51a-2f978275f131"/></reference><name value="72884cad-ebe6-4f43-a51a-2f978275f131"/><description value="Example AllergyIntolerance"/><exampleBoolean value="true"/><groupingId value="-ex-example"/></resource><resource><extension url="http://hl7.org/fhir/tools/StructureDefinition/resource-sort"><valueInteger value="999999999"/></extension><extension url="http://hl7.org/fhir/StructureDefinition/implementationguide-page"><valueUri value="Organization-890751f4-2924-4636-bab7-efffc7f3cf14.html"/></extension><reference><reference value="Organization/890751f4-2924-4636-bab7-efffc7f3cf14"/></reference><name value="890751f4-2924-4636-bab7-efffc7f3cf14"/><description value="Example Organization"/><exampleBoolean value="true"/><groupingId value="-ex-example"/></resource><resource><extension url="http://hl7.org/fhir/tools/StructureDefinition/resource-sort"><valueInteger value="999999999"/></extension><extension url="http://hl7.org/fhir/StructureDefinition/implementationguide-page"><valueUri value="Medication-8adc0999-9468-4ac9-9557-680fa133d625.html"/></extension><reference><reference value="Medication/8adc0999-9468-4ac9-9557-680fa133d625"/></reference><name value="8adc0999-9468-4ac9-9557-680fa133d625"/><description value="Example Medication"/><exampleBoolean value="true"/><groupingId value="-ex-example"/></resource><resource><extension url="http://hl7.org/fhir/tools/StructureDefinition/resource-sort"><valueInteger value="999999999"/></extension><extension url="http://hl7.org/fhir/StructureDefinition/implementationguide-page"><valueUri value="Medication-976d0804-cae0-45ae-afe3-a19f3ceba6bb.html"/></extension><reference><reference value="Medication/976d0804-cae0-45ae-afe3-a19f3ceba6bb"/></reference><name value="976d0804-cae0-45ae-afe3-a19f3ceba6bb"/><description value="Example Medication"/><exampleBoolean value="true"/><groupingId value="-ex-example"/></resource><resource><extension url="http://hl7.org/fhir/tools/StructureDefinition/resource-sort"><valueInteger value="999999999"/></extension><extension url="http://hl7.org/fhir/StructureDefinition/implementationguide-page"><valueUri value="DocumentReference-ex-documentreference.html"/></extension><reference><reference value="DocumentReference/ex-documentreference"/></reference><name value="DocumentReference Consent Paperwork example"/><description value="DocumentReference example of the paperwork of the Consent&#xA;This is showing an example of a document that is purely text."/><exampleBoolean value="true"/><groupingId value="-ex-example"/></resource><resource><extension url="http://hl7.org/fhir/tools/StructureDefinition/resource-sort"><valueInteger value="999999999"/></extension><extension url="http://hl7.org/fhir/StructureDefinition/implementationguide-page"><valueUri value="DocumentReference-ex-documentreference1.html"/></extension><reference><reference value="DocumentReference/ex-documentreference1"/></reference><name value="DocumentReference Consent Paperwork example"/><description value="DocumentReference example of the paperwork of the Consent&#xA;This is showing an example of a document that is purely text."/><exampleBoolean value="true"/><groupingId value="-ex-example"/></resource><resource><extension url="http://hl7.org/fhir/tools/StructureDefinition/resource-sort"><valueInteger value="999999999"/></extension><extension url="http://hl7.org/fhir/StructureDefinition/implementationguide-page"><valueUri value="Consent-c7781f44-6df8-4a8b-9e06-0b34263a47c6.html"/></extension><reference><reference value="Consent/c7781f44-6df8-4a8b-9e06-0b34263a47c6"/></reference><name value="ExampleConsent"/><exampleCanonical value="http://smart.who.int/ips-pilgrimage/StructureDefinition/HajjConsent"/><groupingId value="-ex-example"/></resource><resource><extension url="http://hl7.org/fhir/tools/StructureDefinition/resource-sort"><valueInteger value="999999999"/></extension><extension url="http://hl7.org/fhir/StructureDefinition/implementationguide-page"><valueUri value="DocumentReference-FHIRIPSSignedDocumentReference.html"/></extension><reference><reference value="DocumentReference/FHIRIPSSignedDocumentReference"/></reference><name value="FHIR IPS JSON Signed"/><description value="Example of FHIR IPS Signed using DSGj for pilgrimage, as a document reference."/><exampleBoolean value="true"/><groupingId value="-ex-example"/></resource><resource><extension url="http://hl7.org/fhir/tools/StructureDefinition/resource-sort"><valueInteger value="999999999"/></extension><extension url="http://hl7.org/fhir/StructureDefinition/implementationguide-page"><valueUri value="DocumentReference-FHIRIPSDocumentReference.html"/></extension><reference><reference value="DocumentReference/FHIRIPSDocumentReference"/></reference><name value="FHIR IPS json reference"/><description value="Example of FHIR IPS JSON for pilgrimage, as a document reference."/><exampleBoolean value="true"/><groupingId value="-ex-example"/></resource><resource><extension url="http://hl7.org/fhir/tools/StructureDefinition/resource-sort"><valueInteger value="999999999"/></extension><extension url="http://hl7.org/fhir/StructureDefinition/implementationguide-page"><valueUri value="Composition-ExampleComposition.html"/></extension><reference><reference value="Composition/ExampleComposition"/></reference><name value="Hajj IPS Composition"/><description value="Hajj IPS Composition Example"/><exampleCanonical value="http://smart.who.int/ips-pilgrimage/StructureDefinition/HajjIPS-Composition"/><groupingId value="-ex-example"/></resource><resource><extension url="http://hl7.org/fhir/tools/StructureDefinition/resource-sort"><valueInteger value="999999999"/></extension><extension url="http://hl7.org/fhir/StructureDefinition/implementationguide-page"><valueUri value="DocumentReference-IPSSignedPDFDocumentReference.html"/></extension><reference><reference value="DocumentReference/IPSSignedPDFDocumentReference"/></reference><name value="IPS PDF Signed"/><description value="Example of FHIR IPS Signed PDF JSON using DSGj for pilgrimage, as a document reference."/><exampleBoolean value="true"/><groupingId value="-ex-example"/></resource><resource><extension url="http://hl7.org/fhir/tools/StructureDefinition/resource-sort"><valueInteger value="999999999"/></extension><extension url="http://hl7.org/fhir/StructureDefinition/implementationguide-page"><valueUri value="DocumentReference-IPSPDFDocumentReference.html"/></extension><reference><reference value="DocumentReference/IPSPDFDocumentReference"/></reference><name value="IPS PDF reference"/><description value="Example of FHIR IPS PDF for pilgrimage, as a document reference."/><exampleBoolean value="true"/><groupingId value="-ex-example"/></resource><resource><extension url="http://hl7.org/fhir/tools/StructureDefinition/resource-sort"><valueInteger value="999999999"/></extension><extension url="http://hl7.org/fhir/StructureDefinition/implementationguide-page"><valueUri value="Patient-2b90dd2b-2dab-4c75-9bb9-a355e07401e7.html"/></extension><reference><reference value="Patient/2b90dd2b-2dab-4c75-9bb9-a355e07401e7"/></reference><name value="Martha"/><description value="Example Patient"/><exampleBoolean value="true"/><groupingId value="-ex-example"/></resource><resource><extension url="http://hl7.org/fhir/tools/StructureDefinition/resource-sort"><valueInteger value="999999999"/></extension><extension url="http://hl7.org/fhir/StructureDefinition/implementationguide-page"><valueUri value="List-PilgrimFolder.html"/></extension><reference><reference value="List/PilgrimFolder"/></reference><name value="My Hajj Pilgrimage Minimal Folder"/><description value="Folder for Pilgrim"/><exampleBoolean value="true"/><groupingId value="-ex-example"/></resource><resource><extension url="http://hl7.org/fhir/tools/StructureDefinition/resource-sort"><valueInteger value="999999999"/></extension><extension url="http://hl7.org/fhir/StructureDefinition/implementationguide-page"><valueUri value="Bundle-MyIPS.html"/></extension><reference><reference value="Bundle/MyIPS"/></reference><name value="My IPS"/><description value="Hajj IPS Example"/><exampleCanonical value="http://smart.who.int/ips-pilgrimage/StructureDefinition/HajjIPS"/><groupingId value="-ex-example"/></resource><resource><extension url="http://hl7.org/fhir/tools/StructureDefinition/resource-sort"><valueInteger value="999999999"/></extension><extension url="http://hl7.org/fhir/StructureDefinition/implementationguide-page"><valueUri value="Observation-a6a5a1d5-c896-4c7e-b922-888fcc7e6ae3.html"/></extension><reference><reference value="Observation/a6a5a1d5-c896-4c7e-b922-888fcc7e6ae3"/></reference><name value="a6a5a1d5-c896-4c7e-b922-888fcc7e6ae3"/><description value="Example Observation"/><exampleBoolean value="true"/><groupingId value="-ex-example"/></resource><resource><extension url="http://hl7.org/fhir/tools/StructureDefinition/resource-sort"><valueInteger value="999999999"/></extension><extension url="http://hl7.org/fhir/StructureDefinition/implementationguide-page"><valueUri value="Observation-aa11a2be-3e36-4be7-b58a-6fc3dace2740.html"/></extension><reference><reference value="Observation/aa11a2be-3e36-4be7-b58a-6fc3dace2740"/></reference><name value="aa11a2be-3e36-4be7-b58a-6fc3dace2740"/><description value="Example Observation"/><exampleBoolean value="true"/><groupingId value="-ex-example"/></resource><resource><extension url="http://hl7.org/fhir/tools/StructureDefinition/resource-sort"><valueInteger value="999999999"/></extension><extension url="http://hl7.org/fhir/StructureDefinition/implementationguide-page"><valueUri value="Observation-b4916505-a06b-460c-9be8-011609282456.html"/></extension><reference><reference value="Observation/b4916505-a06b-460c-9be8-011609282456"/></reference><name value="b4916505-a06b-460c-9be8-011609282456"/><description value="Example Observation"/><exampleBoolean value="true"/><groupingId value="-ex-example"/></resource><resource><extension url="http://hl7.org/fhir/tools/StructureDefinition/resource-sort"><valueInteger value="999999999"/></extension><extension url="http://hl7.org/fhir/StructureDefinition/implementationguide-page"><valueUri value="MedicationStatement-c220e36c-eb67-4fc4-9ba1-2fabc52acec5.html"/></extension><reference><reference value="MedicationStatement/c220e36c-eb67-4fc4-9ba1-2fabc52acec5"/></reference><name value="c220e36c-eb67-4fc4-9ba1-2fabc52acec5"/><description value="Example MedicationStatement"/><exampleBoolean value="true"/><groupingId value="-ex-example"/></resource><resource><extension url="http://hl7.org/fhir/tools/StructureDefinition/resource-sort"><valueInteger value="999999999"/></extension><extension url="http://hl7.org/fhir/StructureDefinition/implementationguide-page"><valueUri value="Condition-c4597aa2-688a-401b-a658-70acc6de28c5.html"/></extension><reference><reference value="Condition/c4597aa2-688a-401b-a658-70acc6de28c5"/></reference><name value="c4597aa2-688a-401b-a658-70acc6de28c5"/><description value="Example Condition"/><exampleBoolean value="true"/><groupingId value="-ex-example"/></resource><resource><extension url="http://hl7.org/fhir/tools/StructureDefinition/resource-sort"><valueInteger value="999999999"/></extension><extension url="http://hl7.org/fhir/StructureDefinition/implementationguide-page"><valueUri value="Condition-c64139e7-f02d-409c-bf34-75e8bf23bc89.html"/></extension><reference><reference value="Condition/c64139e7-f02d-409c-bf34-75e8bf23bc89"/></reference><name value="c64139e7-f02d-409c-bf34-75e8bf23bc89"/><description value="Example Condition"/><exampleBoolean value="true"/><groupingId value="-ex-example"/></resource><resource><extension url="http://hl7.org/fhir/tools/StructureDefinition/resource-sort"><valueInteger value="999999999"/></extension><extension url="http://hl7.org/fhir/StructureDefinition/implementationguide-page"><valueUri value="Observation-cc354e00-a419-47ea-8b6c-1768b2a01645.html"/></extension><reference><reference value="Observation/cc354e00-a419-47ea-8b6c-1768b2a01645"/></reference><name value="cc354e00-a419-47ea-8b6c-1768b2a01645"/><description value="Example Observation"/><exampleBoolean value="true"/><groupingId value="-ex-example"/></resource><page><extension url="http://hl7.org/fhir/tools/StructureDefinition/ig-page-name"><valueUrl value="toc.html"/></extension><nameUrl value="toc.html"/><title value="Table of Contents"/><generation value="html"/><page><extension url="http://hl7.org/fhir/tools/StructureDefinition/ig-page-name"><valueUrl value="index.html"/></extension><nameUrl value="index.html"/><title value="Home"/><generation value="markdown"/><page><extension url="http://hl7.org/fhir/tools/StructureDefinition/ig-page-name"><valueUrl value="changes.html"/></extension><nameUrl value="changes.html"/><title value="Changes"/><generation value="markdown"/></page><page><extension url="http://hl7.org/fhir/tools/StructureDefinition/ig-page-name"><valueUrl value="dependencies.html"/></extension><nameUrl value="dependencies.html"/><title value="Dependencies"/><generation value="markdown"/></page><page><extension url="http://hl7.org/fhir/tools/StructureDefinition/ig-page-name"><valueUrl value="references.html"/></extension><nameUrl value="references.html"/><title value="References"/><generation value="markdown"/></page><page><extension url="http://hl7.org/fhir/tools/StructureDefinition/ig-page-name"><valueUrl value="adapting.html"/></extension><nameUrl value="adapting.html"/><title value="Adapting Guidelines for Country use"/><generation value="markdown"/></page><page><extension url="http://hl7.org/fhir/tools/StructureDefinition/ig-page-name"><valueUrl value="license.html"/></extension><nameUrl value="license.html"/><title value="License"/><generation value="markdown"/></page></page><page><extension url="http://hl7.org/fhir/tools/StructureDefinition/ig-page-name"><valueUrl value="business-requirements.html"/></extension><nameUrl value="business-requirements.html"/><title value="Business Requirements"/><generation value="markdown"/><page><extension url="http://hl7.org/fhir/tools/StructureDefinition/ig-page-name"><valueUrl value="concepts.html"/></extension><nameUrl value="concepts.html"/><title value="Concepts"/><generation value="markdown"/></page><page><extension url="http://hl7.org/fhir/tools/StructureDefinition/ig-page-name"><valueUrl value="personas.html"/></extension><nameUrl value="personas.html"/><title value="Generic Personas"/><generation value="markdown"/></page><page><extension url="http://hl7.org/fhir/tools/StructureDefinition/ig-page-name"><valueUrl value="scenarios.html"/></extension><nameUrl value="scenarios.html"/><title value="User Scenarios"/><generation value="markdown"/></page><page><extension url="http://hl7.org/fhir/tools/StructureDefinition/ig-page-name"><valueUrl value="business-processes.html"/></extension><nameUrl value="business-processes.html"/><title value="Business Processes"/><generation value="markdown"/></page><page><extension url="http://hl7.org/fhir/tools/StructureDefinition/ig-page-name"><valueUrl value="dictionary.html"/></extension><nameUrl value="dictionary.html"/><title value="Data Dictionary"/><generation value="markdown"/></page><page><extension url="http://hl7.org/fhir/tools/StructureDefinition/ig-page-name"><valueUrl value="decision-logic.html"/></extension><nameUrl value="decision-logic.html"/><title value="Decision-support logic"/><generation value="markdown"/></page><page><extension url="http://hl7.org/fhir/tools/StructureDefinition/ig-page-name"><valueUrl value="indicators.html"/></extension><nameUrl value="indicators.html"/><title value="Indicator and Performance Metrics"/><generation value="markdown"/></page><page><extension url="http://hl7.org/fhir/tools/StructureDefinition/ig-page-name"><valueUrl value="functional-requirements.html"/></extension><nameUrl value="functional-requirements.html"/><title value="Functional Requirements"/><generation value="markdown"/></page><page><extension url="http://hl7.org/fhir/tools/StructureDefinition/ig-page-name"><valueUrl value="non-functional-requirements.html"/></extension><nameUrl value="non-functional-requirements.html"/><title value="Non-functional Requirements"/><generation value="markdown"/></page></page><page><extension url="http://hl7.org/fhir/tools/StructureDefinition/ig-page-name"><valueUrl value="data-models-and-exchange.html"/></extension><nameUrl value="data-models-and-exchange.html"/><title value="Data Models and Exchange"/><generation value="markdown"/><page><extension url="http://hl7.org/fhir/tools/StructureDefinition/ig-page-name"><valueUrl value="system-actors.html"/></extension><nameUrl value="system-actors.html"/><title value="System Actors"/><generation value="markdown"/></page><page><extension url="http://hl7.org/fhir/tools/StructureDefinition/ig-page-name"><valueUrl value="sequence-diagrams.html"/></extension><nameUrl value="sequence-diagrams.html"/><title value="Sequence Diagrams"/><generation value="markdown"/></page><page><extension url="http://hl7.org/fhir/tools/StructureDefinition/ig-page-name"><valueUrl value="transactions.html"/></extension><nameUrl value="transactions.html"/><title value="Transactions"/><generation value="markdown"/></page><page><extension url="http://hl7.org/fhir/tools/StructureDefinition/ig-page-name"><valueUrl value="indicators-measures.html"/></extension><nameUrl value="indicators-measures.html"/><title value="Indicators and Measures"/><generation value="markdown"/></page><page><extension url="http://hl7.org/fhir/tools/StructureDefinition/ig-page-name"><valueUrl value="codings.html"/></extension><nameUrl value="codings.html"/><title value="Codings"/><generation value="markdown"/></page></page><page><extension url="http://hl7.org/fhir/tools/StructureDefinition/ig-page-name"><valueUrl value="deployment.html"/></extension><nameUrl value="deployment.html"/><title value="Deployment"/><generation value="markdown"/><page><extension url="http://hl7.org/fhir/tools/StructureDefinition/ig-page-name"><valueUrl value="security-privacy.html"/></extension><nameUrl value="security-privacy.html"/><title value="Security and Privacy Considerations"/><generation value="markdown"/></page><page><extension url="http://hl7.org/fhir/tools/StructureDefinition/ig-page-name"><valueUrl value="testing.html"/></extension><nameUrl value="testing.html"/><title value="Testing"/><generation value="markdown"/></page><page><extension url="http://hl7.org/fhir/tools/StructureDefinition/ig-page-name"><valueUrl value="test-data.html"/></extension><nameUrl value="test-data.html"/><title value="Test Data"/><generation value="markdown"/></page><page><extension url="http://hl7.org/fhir/tools/StructureDefinition/ig-page-name"><valueUrl value="test-cases.html"/></extension><nameUrl value="test-cases.html"/><title value="Test Cases"/><generation value="markdown"/></page><page><extension url="http://hl7.org/fhir/tools/StructureDefinition/ig-page-name"><valueUrl value="reference-implementations.html"/></extension><nameUrl value="reference-implementations.html"/><title value="Reference Implementations"/><generation value="markdown"/></page><page><extension url="http://hl7.org/fhir/tools/StructureDefinition/ig-page-name"><valueUrl value="reference-implementations-malaysia.html"/></extension><nameUrl value="reference-implementations-malaysia.html"/><title value="Reference Implementation in Malaysia"/><generation value="markdown"/></page><page><extension url="http://hl7.org/fhir/tools/StructureDefinition/ig-page-name"><valueUrl value="trust_domain.html"/></extension><nameUrl value="trust_domain.html"/><title value="Trust Domains"/><generation value="markdown"/></page><page><extension url="http://hl7.org/fhir/tools/StructureDefinition/ig-page-name"><valueUrl value="downloads.html"/></extension><nameUrl value="downloads.html"/><title value="Downloads"/><generation value="markdown"/></page></page><page><extension url="http://hl7.org/fhir/tools/StructureDefinition/ig-page-name"><valueUrl value="indices.html"/></extension><nameUrl value="indices.html"/><title value="Indices"/><generation value="markdown"/><page><extension url="http://hl7.org/fhir/tools/StructureDefinition/ig-page-name"><valueUrl value="artifacts.html"/></extension><nameUrl value="artifacts.html"/><title value="Artifact Index"/><generation value="html"/><page><extension url="http://hl7.org/fhir/tools/StructureDefinition/ig-page-name"><valueUrl value="CapabilityStatement-VHLDocumentResponder.html"/></extension><nameUrl value="CapabilityStatement-VHLDocumentResponder.html"/><title value="VHL Document Responder (server)"/><generation value="generated"/></page><page><extension url="http://hl7.org/fhir/tools/StructureDefinition/ig-page-name"><valueUrl value="Questionnaire-Questionnaire-ConnectathonSubmission.html"/></extension><nameUrl value="Questionnaire-Questionnaire-ConnectathonSubmission.html"/><title value="Connectathon Submission"/><generation value="generated"/><page><extension url="http://hl7.org/fhir/tools/StructureDefinition/ig-page-name"><valueUrl value="ValueSet-Questionnaire-ConnectathonSubmission_OperatingSystem.html"/></extension><nameUrl value="ValueSet-Questionnaire-ConnectathonSubmission_OperatingSystem.html"/><title value="ValueSet"/><generation value="generated"/></page><page><extension url="http://hl7.org/fhir/tools/StructureDefinition/ig-page-name"><valueUrl value="ValueSet-Questionnaire-ConnectathonSubmission_Browser.html"/></extension><nameUrl value="ValueSet-Questionnaire-ConnectathonSubmission_Browser.html"/><title value="ValueSet"/><generation value="generated"/></page><page><extension url="http://hl7.org/fhir/tools/StructureDefinition/ig-page-name"><valueUrl value="ValueSet-Questionnaire-ConnectathonSubmission_DistributionModel.html"/></extension><nameUrl value="ValueSet-Questionnaire-ConnectathonSubmission_DistributionModel.html"/><title value="ValueSet"/><generation value="generated"/></page><page><extension url="http://hl7.org/fhir/tools/StructureDefinition/ig-page-name"><valueUrl value="ValueSet-Questionnaire-ConnectathonSubmission_LicensingModel.html"/></extension><nameUrl value="ValueSet-Questionnaire-ConnectathonSubmission_LicensingModel.html"/><title value="ValueSet"/><generation value="generated"/></page><page><extension url="http://hl7.org/fhir/tools/StructureDefinition/ig-page-name"><valueUrl value="ValueSet-Questionnaire-ConnectathonSubmission_Language.html"/></extension><nameUrl value="ValueSet-Questionnaire-ConnectathonSubmission_Language.html"/><title value="ValueSet"/><generation value="generated"/></page><page><extension url="http://hl7.org/fhir/tools/StructureDefinition/ig-page-name"><valueUrl value="ValueSet-Questionnaire-ConnectathonSubmission_IPS.HAJJ.ACTOR.SYSTEM.html"/></extension><nameUrl value="ValueSet-Questionnaire-ConnectathonSubmission_IPS.HAJJ.ACTOR.SYSTEM.html"/><title value="ValueSet"/><generation value="generated"/></page></page><page><extension url="http://hl7.org/fhir/tools/StructureDefinition/ig-page-name"><valueUrl value="StructureDefinition-HajjIPS.html"/></extension><nameUrl value="StructureDefinition-HajjIPS.html"/><title value="Bundle - IPS for Hajj"/><generation value="generated"/></page><page><extension url="http://hl7.org/fhir/tools/StructureDefinition/ig-page-name"><valueUrl value="StructureDefinition-HajjIPS-Composition.html"/></extension><nameUrl value="StructureDefinition-HajjIPS-Composition.html"/><title value="Composition (IPS) for Hajj"/><generation value="generated"/></page><page><extension url="http://hl7.org/fhir/tools/StructureDefinition/ig-page-name"><valueUrl value="StructureDefinition-HajjConsent.html"/></extension><nameUrl value="StructureDefinition-HajjConsent.html"/><title value="HajjConsent"/><generation value="generated"/></page><page><extension url="http://hl7.org/fhir/tools/StructureDefinition/ig-page-name"><valueUrl value="StructureDefinition-HajjOrganization.html"/></extension><nameUrl value="StructureDefinition-HajjOrganization.html"/><title value="HajjOrganization"/><generation value="generated"/></page><page><extension url="http://hl7.org/fhir/tools/StructureDefinition/ig-page-name"><valueUrl value="StructureDefinition-ConsentPeriod.html"/></extension><nameUrl value="StructureDefinition-ConsentPeriod.html"/><title value="ConsentPeriod"/><generation value="generated"/></page><page><extension url="http://hl7.org/fhir/tools/StructureDefinition/ig-page-name"><valueUrl value="StructureDefinition-ConsentVerifiedBy.html"/></extension><nameUrl value="StructureDefinition-ConsentVerifiedBy.html"/><title value="ConsentVerifiedBy"/><generation value="generated"/></page><page><extension url="http://hl7.org/fhir/tools/StructureDefinition/ig-page-name"><valueUrl value="ValueSet-Browser.html"/></extension><nameUrl value="ValueSet-Browser.html"/><title value="Browser"/><generation value="generated"/></page><page><extension url="http://hl7.org/fhir/tools/StructureDefinition/ig-page-name"><valueUrl value="ValueSet-DistributionModel.html"/></extension><nameUrl value="ValueSet-DistributionModel.html"/><title value="Distribution Model"/><generation value="generated"/></page><page><extension url="http://hl7.org/fhir/tools/StructureDefinition/ig-page-name"><valueUrl value="ValueSet-IPS.HAJJ.ACTOR.html"/></extension><nameUrl value="ValueSet-IPS.HAJJ.ACTOR.html"/><title value="IPS.HAJJ.ACTOR ValueSet of actor"/><generation value="generated"/></page><page><extension url="http://hl7.org/fhir/tools/StructureDefinition/ig-page-name"><valueUrl value="ValueSet-IPS.HAJJ.ACTOR.SYSTEM.html"/></extension><nameUrl value="ValueSet-IPS.HAJJ.ACTOR.SYSTEM.html"/><title value="IPS.HAJJ.ACTOR.SYSTEM ValueSet of actor"/><generation value="generated"/></page><page><extension url="http://hl7.org/fhir/tools/StructureDefinition/ig-page-name"><valueUrl value="ValueSet-IPS.HAJJ.CONSENT.html"/></extension><nameUrl value="ValueSet-IPS.HAJJ.CONSENT.html"/><title value="IPS.HAJJ.CONSENT ValueSet of consent policies"/><generation value="generated"/></page><page><extension url="http://hl7.org/fhir/tools/StructureDefinition/ig-page-name"><valueUrl value="ValueSet-IPS.HAJJ.TRANSACTION.html"/></extension><nameUrl value="ValueSet-IPS.HAJJ.TRANSACTION.html"/><title value="IPS.HAJJ.TRANSACTION ValueSet of transaction"/><generation value="generated"/></page><page><extension url="http://hl7.org/fhir/tools/StructureDefinition/ig-page-name"><valueUrl value="ValueSet-Language.html"/></extension><nameUrl value="ValueSet-Language.html"/><title value="Language"/><generation value="generated"/></page><page><extension url="http://hl7.org/fhir/tools/StructureDefinition/ig-page-name"><valueUrl value="ValueSet-LicensingModel.html"/></extension><nameUrl value="ValueSet-LicensingModel.html"/><title value="Licensing Model"/><generation value="generated"/></page><page><extension url="http://hl7.org/fhir/tools/StructureDefinition/ig-page-name"><valueUrl value="ValueSet-OperatingSystem.html"/></extension><nameUrl value="ValueSet-OperatingSystem.html"/><title value="Operating System"/><generation value="generated"/></page><page><extension url="http://hl7.org/fhir/tools/StructureDefinition/ig-page-name"><valueUrl value="CodeSystem-BrowserCs.html"/></extension><nameUrl value="CodeSystem-BrowserCs.html"/><title value="Browser"/><generation value="generated"/></page><page><extension url="http://hl7.org/fhir/tools/StructureDefinition/ig-page-name"><valueUrl value="CodeSystem-DistributionModelCs.html"/></extension><nameUrl value="CodeSystem-DistributionModelCs.html"/><title value="Distribution Model"/><generation value="generated"/></page><page><extension url="http://hl7.org/fhir/tools/StructureDefinition/ig-page-name"><valueUrl value="CodeSystem-IPS.HAJJ.ACTOR.html"/></extension><nameUrl value="CodeSystem-IPS.HAJJ.ACTOR.html"/><title value="IPS.HAJJ.ACTOR CodeSystem"/><generation value="generated"/></page><page><extension url="http://hl7.org/fhir/tools/StructureDefinition/ig-page-name"><valueUrl value="CodeSystem-IPS.HAJJ.CONSENT.html"/></extension><nameUrl value="CodeSystem-IPS.HAJJ.CONSENT.html"/><title value="IPS.HAJJ.CONSENT CodeSystem"/><generation value="generated"/></page><page><extension url="http://hl7.org/fhir/tools/StructureDefinition/ig-page-name"><valueUrl value="CodeSystem-IPS.HAJJ.TRANSACTION.html"/></extension><nameUrl value="CodeSystem-IPS.HAJJ.TRANSACTION.html"/><title value="IPS.HAJJ.TRANSACTION CodeSystem"/><generation value="generated"/></page><page><extension url="http://hl7.org/fhir/tools/StructureDefinition/ig-page-name"><valueUrl value="CodeSystem-LanguageCs.html"/></extension><nameUrl value="CodeSystem-LanguageCs.html"/><title value="Language"/><generation value="generated"/></page><page><extension url="http://hl7.org/fhir/tools/StructureDefinition/ig-page-name"><valueUrl value="CodeSystem-LicensingModelCs.html"/></extension><nameUrl value="CodeSystem-LicensingModelCs.html"/><title value="Licensing Model"/><generation value="generated"/></page><page><extension url="http://hl7.org/fhir/tools/StructureDefinition/ig-page-name"><valueUrl value="CodeSystem-OperatingSystemCs.html"/></extension><nameUrl value="CodeSystem-OperatingSystemCs.html"/><title value="Operating System"/><generation value="generated"/></page><page><extension url="http://hl7.org/fhir/tools/StructureDefinition/ig-page-name"><valueUrl value="Practitioner-1c616b24-3895-48c4-9a02-9a64110351ee.html"/></extension><nameUrl value="Practitioner-1c616b24-3895-48c4-9a02-9a64110351ee.html"/><title value="1c616b24-3895-48c4-9a02-9a64110351ee"/><generation value="generated"/></page><page><extension url="http://hl7.org/fhir/tools/StructureDefinition/ig-page-name"><valueUrl value="Observation-2639657a-c19a-48e2-82cc-471e13b8ad93.html"/></extension><nameUrl value="Observation-2639657a-c19a-48e2-82cc-471e13b8ad93.html"/><title value="2639657a-c19a-48e2-82cc-471e13b8ad93"/><generation value="generated"/></page><page><extension url="http://hl7.org/fhir/tools/StructureDefinition/ig-page-name"><valueUrl value="Observation-26bee0a9-5997-4557-ab9d-c6adbb05b571.html"/></extension><nameUrl value="Observation-26bee0a9-5997-4557-ab9d-c6adbb05b571.html"/><title value="26bee0a9-5997-4557-ab9d-c6adbb05b571"/><generation value="generated"/></page><page><extension url="http://hl7.org/fhir/tools/StructureDefinition/ig-page-name"><valueUrl value="Organization-45a5c5b1-4ec1-4d60-b4b2-ff5a84a41fd6.html"/></extension><nameUrl value="Organization-45a5c5b1-4ec1-4d60-b4b2-ff5a84a41fd6.html"/><title value="45a5c5b1-4ec1-4d60-b4b2-ff5a84a41fd6"/><generation value="generated"/></page><page><extension url="http://hl7.org/fhir/tools/StructureDefinition/ig-page-name"><valueUrl value="MedicationStatement-47524493-846a-4a26-bae2-4ab03e60f02d.html"/></extension><nameUrl value="MedicationStatement-47524493-846a-4a26-bae2-4ab03e60f02d.html"/><title value="47524493-846a-4a26-bae2-4ab03e60f02d"/><generation value="generated"/></page><page><extension url="http://hl7.org/fhir/tools/StructureDefinition/ig-page-name"><valueUrl value="Observation-6e39ccf3-f997-4a2b-8f28-b4b71c778c79.html"/></extension><nameUrl value="Observation-6e39ccf3-f997-4a2b-8f28-b4b71c778c79.html"/><title value="6e39ccf3-f997-4a2b-8f28-b4b71c778c79"/><generation value="generated"/></page><page><extension url="http://hl7.org/fhir/tools/StructureDefinition/ig-page-name"><valueUrl value="AllergyIntolerance-72884cad-ebe6-4f43-a51a-2f978275f131.html"/></extension><nameUrl value="AllergyIntolerance-72884cad-ebe6-4f43-a51a-2f978275f131.html"/><title value="72884cad-ebe6-4f43-a51a-2f978275f131"/><generation value="generated"/></page><page><extension url="http://hl7.org/fhir/tools/StructureDefinition/ig-page-name"><valueUrl value="Organization-890751f4-2924-4636-bab7-efffc7f3cf14.html"/></extension><nameUrl value="Organization-890751f4-2924-4636-bab7-efffc7f3cf14.html"/><title value="890751f4-2924-4636-bab7-efffc7f3cf14"/><generation value="generated"/></page><page><extension url="http://hl7.org/fhir/tools/StructureDefinition/ig-page-name"><valueUrl value="Medication-8adc0999-9468-4ac9-9557-680fa133d625.html"/></extension><nameUrl value="Medication-8adc0999-9468-4ac9-9557-680fa133d625.html"/><title value="8adc0999-9468-4ac9-9557-680fa133d625"/><generation value="generated"/></page><page><extension url="http://hl7.org/fhir/tools/StructureDefinition/ig-page-name"><valueUrl value="Medication-976d0804-cae0-45ae-afe3-a19f3ceba6bb.html"/></extension><nameUrl value="Medication-976d0804-cae0-45ae-afe3-a19f3ceba6bb.html"/><title value="976d0804-cae0-45ae-afe3-a19f3ceba6bb"/><generation value="generated"/></page><page><extension url="http://hl7.org/fhir/tools/StructureDefinition/ig-page-name"><valueUrl value="Observation-a6a5a1d5-c896-4c7e-b922-888fcc7e6ae3.html"/></extension><nameUrl value="Observation-a6a5a1d5-c896-4c7e-b922-888fcc7e6ae3.html"/><title value="a6a5a1d5-c896-4c7e-b922-888fcc7e6ae3"/><generation value="generated"/></page><page><extension url="http://hl7.org/fhir/tools/StructureDefinition/ig-page-name"><valueUrl value="Observation-aa11a2be-3e36-4be7-b58a-6fc3dace2740.html"/></extension><nameUrl value="Observation-aa11a2be-3e36-4be7-b58a-6fc3dace2740.html"/><title value="aa11a2be-3e36-4be7-b58a-6fc3dace2740"/><generation value="generated"/></page><page><extension url="http://hl7.org/fhir/tools/StructureDefinition/ig-page-name"><valueUrl value="Observation-b4916505-a06b-460c-9be8-011609282456.html"/></extension><nameUrl value="Observation-b4916505-a06b-460c-9be8-011609282456.html"/><title value="b4916505-a06b-460c-9be8-011609282456"/><generation value="generated"/></page><page><extension url="http://hl7.org/fhir/tools/StructureDefinition/ig-page-name"><valueUrl value="MedicationStatement-c220e36c-eb67-4fc4-9ba1-2fabc52acec5.html"/></extension><nameUrl value="MedicationStatement-c220e36c-eb67-4fc4-9ba1-2fabc52acec5.html"/><title value="c220e36c-eb67-4fc4-9ba1-2fabc52acec5"/><generation value="generated"/></page><page><extension url="http://hl7.org/fhir/tools/StructureDefinition/ig-page-name"><valueUrl value="Condition-c4597aa2-688a-401b-a658-70acc6de28c5.html"/></extension><nameUrl value="Condition-c4597aa2-688a-401b-a658-70acc6de28c5.html"/><title value="c4597aa2-688a-401b-a658-70acc6de28c5"/><generation value="generated"/></page><page><extension url="http://hl7.org/fhir/tools/StructureDefinition/ig-page-name"><valueUrl value="Condition-c64139e7-f02d-409c-bf34-75e8bf23bc89.html"/></extension><nameUrl value="Condition-c64139e7-f02d-409c-bf34-75e8bf23bc89.html"/><title value="c64139e7-f02d-409c-bf34-75e8bf23bc89"/><generation value="generated"/></page><page><extension url="http://hl7.org/fhir/tools/StructureDefinition/ig-page-name"><valueUrl value="Observation-cc354e00-a419-47ea-8b6c-1768b2a01645.html"/></extension><nameUrl value="Observation-cc354e00-a419-47ea-8b6c-1768b2a01645.html"/><title value="cc354e00-a419-47ea-8b6c-1768b2a01645"/><generation value="generated"/></page><page><extension url="http://hl7.org/fhir/tools/StructureDefinition/ig-page-name"><valueUrl value="DocumentReference-ex-documentreference1.html"/></extension><nameUrl value="DocumentReference-ex-documentreference1.html"/><title value="DocumentReference Consent Paperwork example"/><generation value="generated"/></page><page><extension url="http://hl7.org/fhir/tools/StructureDefinition/ig-page-name"><valueUrl value="DocumentReference-ex-documentreference.html"/></extension><nameUrl value="DocumentReference-ex-documentreference.html"/><title value="DocumentReference Consent Paperwork example"/><generation value="generated"/></page><page><extension url="http://hl7.org/fhir/tools/StructureDefinition/ig-page-name"><valueUrl value="Consent-c7781f44-6df8-4a8b-9e06-0b34263a47c6.html"/></extension><nameUrl value="Consent-c7781f44-6df8-4a8b-9e06-0b34263a47c6.html"/><title value="ExampleConsent"/><generation value="generated"/></page><page><extension url="http://hl7.org/fhir/tools/StructureDefinition/ig-page-name"><valueUrl value="DocumentReference-FHIRIPSDocumentReference.html"/></extension><nameUrl value="DocumentReference-FHIRIPSDocumentReference.html"/><title value="FHIR IPS json reference"/><generation value="generated"/></page><page><extension url="http://hl7.org/fhir/tools/StructureDefinition/ig-page-name"><valueUrl value="DocumentReference-FHIRIPSSignedDocumentReference.html"/></extension><nameUrl value="DocumentReference-FHIRIPSSignedDocumentReference.html"/><title value="FHIR IPS JSON Signed"/><generation value="generated"/></page><page><extension url="http://hl7.org/fhir/tools/StructureDefinition/ig-page-name"><valueUrl value="Composition-ExampleComposition.html"/></extension><nameUrl value="Composition-ExampleComposition.html"/><title value="Hajj IPS Composition"/><generation value="generated"/></page><page><extension url="http://hl7.org/fhir/tools/StructureDefinition/ig-page-name"><valueUrl value="DocumentReference-IPSPDFDocumentReference.html"/></extension><nameUrl value="DocumentReference-IPSPDFDocumentReference.html"/><title value="IPS PDF reference"/><generation value="generated"/></page><page><extension url="http://hl7.org/fhir/tools/StructureDefinition/ig-page-name"><valueUrl value="DocumentReference-IPSSignedPDFDocumentReference.html"/></extension><nameUrl value="DocumentReference-IPSSignedPDFDocumentReference.html"/><title value="IPS PDF Signed"/><generation value="generated"/></page><page><extension url="http://hl7.org/fhir/tools/StructureDefinition/ig-page-name"><valueUrl value="Patient-2b90dd2b-2dab-4c75-9bb9-a355e07401e7.html"/></extension><nameUrl value="Patient-2b90dd2b-2dab-4c75-9bb9-a355e07401e7.html"/><title value="Martha"/><generation value="generated"/></page><page><extension url="http://hl7.org/fhir/tools/StructureDefinition/ig-page-name"><valueUrl value="List-PilgrimFolder.html"/></extension><nameUrl value="List-PilgrimFolder.html"/><title value="My Hajj Pilgrimage Minimal Folder"/><generation value="generated"/></page><page><extension url="http://hl7.org/fhir/tools/StructureDefinition/ig-page-name"><valueUrl value="Bundle-MyIPS.html"/></extension><nameUrl value="Bundle-MyIPS.html"/><title value="My IPS"/><generation value="generated"/></page></page><page><extension url="http://hl7.org/fhir/tools/StructureDefinition/ig-page-name"><valueUrl value="maps.html"/></extension><nameUrl value="maps.html"/><title value="Mappings"/><generation value="markdown"/></page></page></page><parameter><code value="path-pages"/><value value="input/testing"/></parameter><parameter><code value="path-resource"/><value value="input/capabilities"/></parameter><parameter><code value="path-resource"/><value value="input/examples"/></parameter><parameter><code value="path-resource"/><value value="input/extensions"/></parameter><parameter><code value="path-resource"/><value value="input/models"/></parameter><parameter><code value="path-resource"/><value value="input/operations"/></parameter><parameter><code value="path-resource"/><value value="input/profiles"/></parameter><parameter><code value="path-resource"/><value value="input/resources"/></parameter><parameter><code value="path-resource"/><value value="input/vocabulary"/></parameter><parameter><code value="path-resource"/><value value="input/maps"/></parameter><parameter><code value="path-resource"/><value value="input/testing"/></parameter><parameter><code value="path-resource"/><value value="input/history"/></parameter><parameter><code value="path-resource"/><value value="fsh-generated/resources"/></parameter><parameter><code value="path-pages"/><value value="template/config"/></parameter><parameter><code value="path-pages"/><value value="input/images"/></parameter><parameter><code value="path-tx-cache"/><value value="input-cache/txcache"/></parameter></definition></ImplementationGuide>